DK Part #,Mfr Part #,Mfr,Supplier,Description,Stock,Price,@ qty,Min Qty, Package,Series,Part Status,Function,Output Configuration,Topology,Output Type,Number of Outputs,Voltage - Input (Min),Voltage - Input (Max),Voltage - Output (Min/Fixed),Voltage - Output (Max),Current - Output,Frequency - Switching,Synchronous Rectifier,Operating Temperature,Mounting Type,Package / Case,Supplier Device Package
"PAM2306AYPKEDITR-ND,PAM2306AYPKEDICT-ND,PAM2306AYPKEDIDKR-ND",PAM2306AYPKE,Diodes Incorporated,Diodes Incorporated,IC REG BUCK 1.8V/3.3V DL 12WDFN,"154,402",0.76,0,1,"Tape & Reel (TR),Cut Tape (CT),Digi-Reel®",-,Active,Step-Down,Positive,Buck,Fixed,2,2.5V,5.5V,"1.8V, 3.3V",-,1A,1.5MHz,Yes,-40°C ~ 85°C (TA),Surface Mount,12-WFDFN Exposed Pad,12-WDFN (3x3)
"296-46475-2-ND,296-46475-1-ND,296-46475-6-ND",TPS62233DRYR,Texas Instruments,Texas Instruments,IC REG BUCK 3V 500MA 6SON,"6,467",1.5,0,1,"Tape & Reel (TR),Cut Tape (CT),Digi-Reel®",-,Active,Step-Down,Positive,Buck,Fixed,1,2.05V,6V,3V,-,500mA,3MHz,Yes,-40°C ~ 125°C (TJ),Surface Mount,6-UFDFN,6-SON (1.45x1)
"LM3674MF-1.8/NOPBTR-ND,LM3674MF-1.8/NOPBCT-ND,LM3674MF-1.8/NOPBDKR-ND",LM3674MF-1.8/NOPB,Texas Instruments,Texas Instruments,IC REG BUCK 1.8V 600MA SOT23-5,"1,614",1.74,0,1,"Tape & Reel (TR),Cut Tape (CT),Digi-Reel®",-,Active,Step-Down,Positive,Buck,Fixed,1,2.7V,5.5V,1.8V,-,600mA,2MHz,Yes,-30°C ~ 85°C (TA),Surface Mount,"SC-74A, SOT-753",SOT-23-5
"LM3674MF-1.2/NOPBTR-ND,LM3674MF-1.2/NOPBCT-ND,LM3674MF-1.2/NOPBDKR-ND",LM3674MF-1.2/NOPB,Texas Instruments,Texas Instruments,IC REG BUCK 1.2V 600MA SOT23-5,"5,365",1.74,0,1,"Tape & Reel (TR),Cut Tape (CT),Digi-Reel®",-,Active,Step-Down,Positive,Buck,Fixed,1,2.7V,5.5V,1.2V,-,600mA,2MHz,Yes,-30°C ~ 85°C (TA),Surface Mount,"SC-74A, SOT-753",SOT-23-5
"296-15223-2-ND,296-15223-1-ND,296-15223-6-ND",TPS62046DGQR,Texas Instruments,Texas Instruments,IC REG BUCK 3.3V 1.2A 10MSOP,"1,481",2.39,0,1,"Tape & Reel (TR),Cut Tape (CT),Digi-Reel®",-,Active,Step-Down,Positive,Buck,Fixed,1,2.5V,6V,3.3V,-,1.2A,1.25MHz,Yes,-40°C ~ 85°C (TA),Surface Mount,"10-PowerTFSOP, 10-MSOP (0.118"", 3.00mm Width)",10-HVSSOP
"296-29647-2-ND,296-29647-1-ND,296-29647-6-ND",TPS62082DSGT,Texas Instruments,Texas Instruments,IC REG BUCK 3.3V 1.2A 8WSON,44,2.07,0,1,"Tape & Reel (TR),Cut Tape (CT),Digi-Reel®",DCS-Control™,Active,Step-Down,Positive,Buck,Fixed,1,2.3V,6V,3.3V,-,1.2A,2MHz,Yes,-40°C ~ 85°C (TA),Surface Mount,8-WFDFN Exposed Pad,8-WSON (2x2)
"296-41291-2-ND,296-41291-1-ND,296-41291-6-ND",LM2651MTCX-3.3/NOPB,Texas Instruments,Texas Instruments,IC REG BUCK 3.3V 1.5A 16TSSOP,"3,696",4,0,1,"Tape & Reel (TR),Cut Tape (CT),Digi-Reel®",-,Active,Step-Down,Positive,Buck,Fixed,1,4V,14V,3.3V,-,1.5A,300kHz,Yes,-40°C ~ 125°C (TJ),Surface Mount,"16-TSSOP (0.173"", 4.40mm Width)",16-TSSOP
MAX20004AFOC/VY+-ND,MAX20004AFOC/VY+,Analog Devices Inc./Maxim Integrated,Analog Devices Inc./Maxim Integrated,IC STEP DOWN CONVERT 4A 17GC2QFN,"1,943",4.56,0,1,Tray,"Automotive, AEC-Q100",Active,Step-Down,Positive,Buck,Fixed,1,3.5V,36V,5V,-,4A,220kHz ~ 2.2MHz,Yes,-40°C ~ 125°C,Surface Mount,17-PowerWFQFN,17-FC2QFN (3.5x3.75)
"LTC3642EMS8E-3.3#TRPBFTR-ND,LTC3642EMS8E-3.3#TRPBFCT-ND,LTC3642EMS8E-3.3#TRPBFDKR-ND",LTC3642EMS8E-3.3#TRPBF,Analog Devices Inc.,Analog Devices Inc.,IC REG BUCK 3.3V 50MA 8MSOP,"5,105",7.14,0,1,"Tape & Reel (TR),Cut Tape (CT),Digi-Reel®",-,Active,Step-Down,Positive,Buck,Fixed,1,4.5V,45V,3.3V,-,50mA,-,Yes,-40°C ~ 125°C (TJ),Surface Mount,"8-TSSOP, 8-MSOP (0.118"", 3.00mm Width) Exposed Pad",8-MSOP-EP
LM2852YMXA-3.3/NOPB-ND,LM2852YMXA-3.3/NOPB,Texas Instruments,Texas Instruments,IC REG BUCK 3.3V 2A 14HTSSOP,759,5.1,0,1,Tube,SIMPLE SWITCHER®,Active,Step-Down,Positive,Buck,Fixed,1,2.85V,5.5V,3.3V,-,2A,500kHz,Yes,-40°C ~ 125°C (TJ),Surface Mount,"14-TSSOP (0.173"", 4.40mm Width) Exposed Pad",14-HTSSOP
MAX20008AFOC/VY+-ND,MAX20008AFOC/VY+,Analog Devices Inc./Maxim Integrated,Analog Devices Inc./Maxim Integrated,IC STEP DOWN CONVERT 8A 17GC2QFN,322,5.14,0,1,Tray,"Automotive, AEC-Q100",Active,Step-Down,Positive,Buck,Fixed,1,3.5V,36V,5V,-,8A,220kHz ~ 2.2MHz,Yes,-40°C ~ 125°C,Surface Mount,17-PowerWFQFN,17-FC2QFN (3.5x3.75)
LM2852XMXA-1.2/NOPB-ND,LM2852XMXA-1.2/NOPB,Texas Instruments,Texas Instruments,IC REG BUCK 1.2V 2A 14HTSSOP,721,5.16,0,1,Tube,SIMPLE SWITCHER®,Active,Step-Down,Positive,Buck,Fixed,1,2.85V,5.5V,1.2V,-,2A,1.5MHz,Yes,-40°C ~ 125°C (TJ),Surface Mount,"14-TSSOP (0.173"", 4.40mm Width) Exposed Pad",14-HTSSOP
"LTC3631EMS8E-5#TRPBFTR-ND,LTC3631EMS8E-5#TRPBFCT-ND,LTC3631EMS8E-5#TRPBFDKR-ND",LTC3631EMS8E-5#TRPBF,Analog Devices Inc.,Analog Devices Inc.,IC REG BUCK 5V 100MA 8MSOP,"3,941",7.92,0,1,"Tape & Reel (TR),Cut Tape (CT),Digi-Reel®",-,Active,Step-Down,Positive or Negative,Buck,Fixed,1,4.5V,45V,5V,-,100mA,-,Yes,-40°C ~ 125°C (TJ),Surface Mount,"8-TSSOP, 8-MSOP (0.118"", 3.00mm Width) Exposed Pad",8-MSOP-EP
LTC3642EMS8E-5#PBF-ND,LTC3642EMS8E-5#PBF,Analog Devices Inc.,Analog Devices Inc.,IC REG BUCK 5V 50MA 8MSOP,"3,905",7.14,0,1,Tube,-,Active,Step-Down,Positive,Buck,Fixed,1,4.5V,45V,5V,-,50mA,-,Yes,-40°C ~ 125°C (TJ),Surface Mount,"8-TSSOP, 8-MSOP (0.118"", 3.00mm Width) Exposed Pad",8-MSOP-EP
LTC3631EDD-3.3#PBF-ND,LTC3631EDD-3.3#PBF,Analog Devices Inc.,Analog Devices Inc.,IC REG BUCK 3.3V 100MA 8DFN,351,7.92,0,1,Tube,-,Active,Step-Down,Positive or Negative,Buck,Fixed,1,4.5V,45V,3.3V,-,100mA,-,Yes,-40°C ~ 125°C (TJ),Surface Mount,8-WFDFN Exposed Pad,8-DFN (3x3)
LTC3407EDD-3#PBF-ND,LTC3407EDD-3#PBF,Analog Devices Inc.,Analog Devices Inc.,IC REG BUCK 1.8V/3.3V 10DFN,274,7.92,0,1,Tube,-,Active,Step-Down,Positive,Buck,Fixed,2,3.3V,5.5V,"1.8V, 3.3V",-,800mA,2.25MHz,Yes,-40°C ~ 85°C (TA),Surface Mount,10-WFDFN Exposed Pad,10-DFN (3x3)
"576-2974-2-ND,576-2974-1-ND,576-2974-6-ND",MIC23050-GYML-TR,Microchip Technology,Microchip Technology,IC REG BUCK 1.8V 600MA 8MLF,"6,761",0.48,0,1,"Tape & Reel (TR),Cut Tape (CT),Digi-Reel®",HyperLight Load®,Active,Step-Down,Positive,Buck,Fixed,1,2.7V,5.5V,1.8V,-,600mA,4MHz,Yes,-40°C ~ 125°C (TJ),Surface Mount,"8-VFDFN Exposed Pad, 8-MLF®",8-MLF® (2x2)
"497-6905-2-ND,497-6905-1-ND,497-6905-6-ND",ST1S12G12R,STMicroelectronics,STMicroelectronics,IC REG BUCK 1.2V 700MA TSOT23-5,"3,000",1.11,0,1,"Tape & Reel (TR),Cut Tape (CT),Digi-Reel®",-,Active,Step-Down,Positive,Buck,Fixed,1,2.5V,5.5V,1.2V,-,700mA,1.7MHz,Yes,-40°C ~ 125°C (TJ),Surface Mount,"SOT-23-5 Thin, TSOT-23-5",TSOT-23-5
"893-1307-2-ND,893-1307-1-ND,893-1307-6-ND",XC9265A331MR-G,Torex Semiconductor Ltd,Torex Semiconductor Ltd,IC REG BUCK 3.3V 200MA SOT25-5,"10,098",1.53,0,1,"Tape & Reel (TR),Cut Tape (CT),Digi-Reel®",-,Active,Step-Down,Positive,Buck,Fixed,1,2V,6V,3.3V,-,200mA,-,Yes,-40°C ~ 85°C (TA),Surface Mount,"SC-74A, SOT-753",SOT-25-5
"296-46389-2-ND,296-46389-1-ND,296-46389-6-ND",TPS62205DBVR,Texas Instruments,Texas Instruments,IC REG BUCK 2.5V 300MA SOT23-5,"4,183",1.46,0,1,"Tape & Reel (TR),Cut Tape (CT),Digi-Reel®",-,Active,Step-Down,Positive,Buck,Fixed,1,2.5V,6V,2.5V,-,300mA,1MHz,Yes,-40°C ~ 85°C (TA),Surface Mount,"SC-74A, SOT-753",SOT-23-5
"296-40185-2-ND,296-40185-1-ND,296-40185-6-ND",LM3281YFQR,Texas Instruments,Texas Instruments,IC REG BUCK 3.3V 1.2A 6DSBGA,"5,708",1.69,0,1,"Tape & Reel (TR),Cut Tape (CT),Digi-Reel®",-,Active,Step-Down,Positive,Buck,Fixed,1,3V,5.5V,3.3V,-,1.2A,6MHz,Yes,-30°C ~ 90°C (TA),Surface Mount,"6-WFBGA, DSBGA",6-DSBGA
"LM3671MF-2.8/NOPBTR-ND,LM3671MF-2.8/NOPBCT-ND,LM3671MF-2.8/NOPBDKR-ND",LM3671MF-2.8/NOPB,Texas Instruments,Texas Instruments,IC REG BUCK 2.8V 600MA SOT23-5,"7,444",1.74,0,1,"Tape & Reel (TR),Cut Tape (CT),Digi-Reel®",-,Active,Step-Down,Positive,Buck,Fixed,1,2.7V,5.5V,2.8V,-,600mA,2MHz,Yes,-40°C ~ 85°C (TA),Surface Mount,"SC-74A, SOT-753",SOT-23-5
"296-25627-2-ND,296-25627-1-ND,296-25627-6-ND",TPS622311DRYT,Texas Instruments,Texas Instruments,IC REG BUCK 1.1V 500MA 6SON,"1,301",1.61,0,1,"Tape & Reel (TR),Cut Tape (CT),Digi-Reel®",-,Active,Step-Down,Positive,Buck,Fixed,1,2.05V,6V,1.1V,-,500mA,2MHz,Yes,-40°C ~ 125°C (TJ),Surface Mount,6-UFDFN,6-SON (1.45x1)
"296-12718-2-ND,296-12718-1-ND,296-12718-6-ND",TPS62202DBVT,Texas Instruments,Texas Instruments,IC REG BUCK 1.8V 300MA SOT23-5,"1,975",1.75,0,1,"Tape & Reel (TR),Cut Tape (CT),Digi-Reel®",-,Active,Step-Down,Positive,Buck,Fixed,1,2.5V,6V,1.8V,-,300mA,1MHz,Yes,-40°C ~ 85°C (TA),Surface Mount,"SC-74A, SOT-753",SOT-23-5
"497-18334-2-ND,497-18334-1-ND,497-18334-6-ND",ST1PS01EJR,STMicroelectronics,STMicroelectronics,IC REG BUCK 8FLIPCHIP,"9,530",2.06,0,1,"Tape & Reel (TR),Cut Tape (CT),Digi-Reel®",-,Active,Step-Down,Positive,Buck,Fixed,1,1.8V,5.5V,"1.8V, 2.7V, 3V, 3.3V",-,400mA,2MHz,Yes,-40°C ~ 85°C (TA),Surface Mount,"8-UFBGA, FCBGA",8-FlipChip (1.11x1.41)
"296-11618-2-ND,296-11618-1-ND,296-11618-6-ND",TPS62007DGSR,Texas Instruments,Texas Instruments,IC REG BUCK 3.3V 600MA 10VSSOP,"2,492",2.32,0,1,"Tape & Reel (TR),Cut Tape (CT),Digi-Reel®",-,Active,Step-Down,Positive,Buck,Fixed,1,2.5V,5.5V,3.3V,-,600mA,750kHz,Yes,-40°C ~ 85°C (TA),Surface Mount,"10-TFSOP, 10-MSOP (0.118"", 3.00mm Width)",10-VSSOP
"296-15902-2-ND,296-15902-1-ND,296-15902-6-ND",TPS62046DRCR,Texas Instruments,Texas Instruments,IC REG BUCK 3.3V 1.2A 10VSON,"4,751",2.39,0,1,"Tape & Reel (TR),Cut Tape (CT),Digi-Reel®",-,Active,Step-Down,Positive,Buck,Fixed,1,2.5V,6V,3.3V,-,1.2A,1.25MHz,Yes,-40°C ~ 85°C (TA),Surface Mount,10-VFDFN Exposed Pad,10-VSON (3x3)
"576-3282-2-ND,576-3282-1-ND,576-3282-6-ND",MIC2238-S4YML-TR,Microchip Technology,Microchip Technology,IC REG BUCK 1.2V/3.3V 0.8A 12MLF,"6,321",2.28,0,1,"Tape & Reel (TR),Cut Tape (CT),Digi-Reel®",-,Active,Step-Down,Positive,Buck,Fixed,2,2.5V,5.5V,"1.2V, 3.3V",-,800mA,2.5MHz,Yes,-40°C ~ 125°C (TJ),Surface Mount,"12-VFDFN Exposed Pad, 12-MLF®",12-MLF™ (4x4)
"296-41752-2-ND,296-41752-1-ND,296-41752-6-ND",TPS54356PWPR,Texas Instruments,Texas Instruments,IC REG BUCK 3.3V 3A 16HTSSOP,"2,209",3.81,0,1,"Tape & Reel (TR),Cut Tape (CT),Digi-Reel®",SWIFT™,Active,Step-Down,Positive,Buck,Fixed,1,4.5V,20V,3.3V,-,3A,"250kHz, 500kHz",Yes,-40°C ~ 85°C (TA),Surface Mount,"16-PowerTSSOP (0.173"", 4.40mm Width)",16-HTSSOP
"296-38368-2-ND,296-38368-1-ND,296-38368-6-ND",TPS62182YZFT,Texas Instruments,Texas Instruments,IC REG BUCK 3.3V 6A 24DSBGA,647,3.93,0,1,"Tape & Reel (TR),Cut Tape (CT),Digi-Reel®",-,Active,Step-Down,Positive,Buck,Fixed,1,4V,15V,3.3V,-,6A,2MHz,Yes,-40°C ~ 125°C (TJ),Surface Mount,"24-UFBGA, DSBGA",24-DSBGA
175-MAX17644BATE+-ND,MAX17644BATE+,Analog Devices Inc./Maxim Integrated,Analog Devices Inc./Maxim Integrated,4.5V TO 36V,"1,901",3.02,0,1,Tray,Himalaya,Active,Step-Down,Positive,Buck,Fixed,1,4.5V,36V,5V,-,2.7A,400kHz ~ 2.2MHz,Yes,-40°C ~ 125°C (TA),Surface Mount,16-WFQFN Exposed Pad,16-TQFN (3x3)
"296-49200-2-ND,296-49200-1-ND,296-49200-6-ND",LM2853MHX-3.3/NOPB,Texas Instruments,Texas Instruments,IC REG BUCK 3.3V 3A 14HTSSOP,"3,530",5,0,1,"Tape & Reel (TR),Cut Tape (CT),Digi-Reel®",SIMPLE SWITCHER®,Active,Step-Down,Positive,Buck,Fixed,1,3V,5.5V,3.3V,-,3A,550kHz,Yes,-40°C ~ 125°C (TJ),Surface Mount,"14-TSSOP (0.173"", 4.40mm Width) Exposed Pad",14-HTSSOP
"505-LT8618IDDB-3.3#TRMPBFTR-ND,505-LT8618IDDB-3.3#TRMPBFCT-ND,505-LT8618IDDB-3.3#TRMPBFDKR-ND",LT8618IDDB-3.3#TRMPBF,Analog Devices Inc.,Analog Devices Inc.,HIGH EFFICIENCY 60V/100MA SYNCHR,979,5.34,0,1,"Tape & Reel (TR),Cut Tape (CT),Digi-Reel®",-,Active,Step-Down,Positive,Buck,Fixed,1,3.4V,60V,3.3V,-,100mA,200kHz ~ 2.2MHz,Yes,-40°C ~ 125°C (TJ),Surface Mount,10-WFDFN Exposed Pad,10-DFN (3x2)
296-12129-5-ND,TPS54616PWP,Texas Instruments,Texas Instruments,IC REG BUCK 3.3V 6A 28HTSSOP,708,4.57,0,1,Tube,SWIFT™,Active,Step-Down,Positive,Buck,Fixed,1,3V,6V,3.3V,-,6A,"350kHz, 550kHz",Yes,-40°C ~ 125°C (TJ),Surface Mount,"28-PowerTSSOP (0.173"", 4.40mm Width)",28-HTSSOP
175-MAX17634BATP+-ND,MAX17634BATP+,Analog Devices Inc./Maxim Integrated,Analog Devices Inc./Maxim Integrated,IC REG BUCK ADJ 4.25A,354,4.58,0,1,Tube,-,Active,Step-Down,Positive,Buck,Fixed,1,4.5V,36V,5V,-,4.25A,400kHz ~ 2.2MHz,Yes,-40°C ~ 125°C (TA),Surface Mount,20-WFQFN Exposed Pad,20-TQFN (4x4)
LM2852XMXA-3.3/NOPB-ND,LM2852XMXA-3.3/NOPB,Texas Instruments,Texas Instruments,IC REG BUCK 3.3V 2A 14HTSSOP,400,5.1,0,1,Tube,SIMPLE SWITCHER®,Active,Step-Down,Positive,Buck,Fixed,1,2.85V,5.5V,3.3V,-,2A,1.5MHz,Yes,-40°C ~ 125°C (TJ),Surface Mount,"14-TSSOP (0.173"", 4.40mm Width) Exposed Pad",14-HTSSOP
LM2852XMXA-2.5/NOPB-ND,LM2852XMXA-2.5/NOPB,Texas Instruments,Texas Instruments,IC REG BUCK 2.5V 2A 14HTSSOP,291,5.1,0,1,Tube,SIMPLE SWITCHER®,Active,Step-Down,Positive,Buck,Fixed,1,2.85V,5.5V,2.5V,-,2A,1.5MHz,Yes,-40°C ~ 125°C (TJ),Surface Mount,"14-TSSOP (0.173"", 4.40mm Width) Exposed Pad",14-HTSSOP
296-LM2852YMXA-1.2/NOPB-ND,LM2852YMXA-1.2/NOPB,Texas Instruments,Texas Instruments,IC REG BUCK 1.2V 2A 14HTSSOP,237,5.1,0,1,Tube,SIMPLE SWITCHER®,Active,Step-Down,Positive,Buck,Fixed,1,2.85V,5.5V,1.2V,-,2A,500kHz,Yes,-40°C ~ 125°C (TJ),Surface Mount,"14-TSSOP (0.173"", 4.40mm Width) Exposed Pad",14-HTSSOP
LM2852XMXA-1.8/NOPB-ND,LM2852XMXA-1.8/NOPB,Texas Instruments,Texas Instruments,IC REG BUCK 1.8V 2A 14HTSSOP,355,5.11,0,1,Tube,SIMPLE SWITCHER®,Active,Step-Down,Positive,Buck,Fixed,1,2.85V,5.5V,1.8V,-,2A,1.5MHz,Yes,-40°C ~ 125°C (TJ),Surface Mount,"14-TSSOP (0.173"", 4.40mm Width) Exposed Pad",14-HTSSOP
MAXM15464AMB+-ND,MAXM15464AMB+,Analog Devices Inc./Maxim Integrated,Analog Devices Inc./Maxim Integrated,MOD DCDC CONVERTER 5V 10USLIC,197,5.88,0,1,Tray,Himalaya,Active,Step-Down,Positive,Buck,Fixed,1,4.5V,42V,5V,-,300mA,500kHz,Yes,-40°C ~ 125°C (TA),Surface Mount,10-SMD Module,10-eMGA (3x2.6)
LM2853MH-3.3/NOPB-ND,LM2853MH-3.3/NOPB,Texas Instruments,Texas Instruments,IC REG BUCK 3.3V 3A 14HTSSOP,695,5.96,0,1,Tube,SIMPLE SWITCHER®,Active,Step-Down,Positive,Buck,Fixed,1,3V,5.5V,3.3V,-,3A,550kHz,Yes,-40°C ~ 125°C (TJ),Surface Mount,"14-TSSOP (0.173"", 4.40mm Width) Exposed Pad",14-HTSSOP
296-12684-5-ND,TPS54316PWP,Texas Instruments,Texas Instruments,IC REG BUCK 3.3V 3A 20HTSSOP,797,6.45,0,1,Tube,SWIFT™,Active,Step-Down,Positive,Buck,Fixed,1,3V,6V,3.3V,-,3A,"350kHz, 550kHz",Yes,-40°C ~ 85°C (TA),Surface Mount,"20-PowerTSSOP (0.173"", 4.40mm Width)",20-HTSSOP
296-12681-5-ND,TPS54313PWP,Texas Instruments,Texas Instruments,IC REG BUCK 1.5V 3A 20HTSSOP,251,6.45,0,1,Tube,SWIFT™,Active,Step-Down,Positive,Buck,Fixed,1,3V,6V,1.5V,-,3A,"350kHz, 550kHz",Yes,-40°C ~ 85°C (TA),Surface Mount,"20-PowerTSSOP (0.173"", 4.40mm Width)",20-HTSSOP
LTC3631EMS8E-5#PBF-ND,LTC3631EMS8E-5#PBF,Analog Devices Inc.,Analog Devices Inc.,IC REG BUCK 5V 100MA 8MSOP,584,7.92,0,1,Tube,-,Active,Step-Down,Positive or Negative,Buck,Fixed,1,4.5V,45V,5V,-,100mA,-,Yes,-40°C ~ 125°C (TJ),Surface Mount,"8-TSSOP, 8-MSOP (0.118"", 3.00mm Width) Exposed Pad",8-MSOP-EP
"SC4626ASKTR-ND,SC4626ASKCT-ND,SC4626ASKDKR-ND",SC4626ASKTRT,Semtech Corporation,Semtech Corporation,IC REG BUCK 1V 1A SOT23-5,"7,775",1.15,0,1,"Tape & Reel (TR),Cut Tape (CT),Digi-Reel®",-,Active,Step-Down,Positive,Buck,Fixed,1,2.9V,5.5V,1V,-,1A,2.5MHz,Yes,-40°C ~ 125°C (TJ),Surface Mount,"SC-74A, SOT-753",SOT-23-5
"1662-3382-2-ND,1662-3382-1-ND,1662-3382-6-ND",S-85S0AB18-I6T1U,ABLIC Inc.,ABLIC Inc.,IC REG BUCK 1.8V 50MA SNT-6A,"5,687",1.69,0,1,"Tape & Reel (TR),Cut Tape (CT),Digi-Reel®",S-85S0A,Active,Step-Down,Positive,Buck,Fixed,1,2.2V,5.5V,1.8V,-,50mA,-,Yes,-40°C ~ 85°C (TA),Surface Mount,"6-SMD, Flat Leads",SNT-6A
"893-1300-2-ND,893-1300-1-ND,893-1300-6-ND",XC9265A3014R-G,Torex Semiconductor Ltd,Torex Semiconductor Ltd,IC REG BUCK 3V 200MA 6USPEL,"5,092",1.53,0,1,"Tape & Reel (TR),Cut Tape (CT),Digi-Reel®",-,Active,Step-Down,Positive,Buck,Fixed,1,2V,6V,3V,-,200mA,-,Yes,-40°C ~ 85°C (TA),Surface Mount,6-XDFN Exposed Pad,6-USPEL (1.8x2)
"893-1117-2-ND,893-1117-1-ND,893-1117-6-ND",XC9236A18CMR-G,Torex Semiconductor Ltd,Torex Semiconductor Ltd,IC REG BUCK 1.8V 600MA SOT25,"6,010",1.88,0,1,"Tape & Reel (TR),Cut Tape (CT),Digi-Reel®",-,Active,Step-Down,Positive,Buck,Fixed,1,2V,6V,1.8V,-,600mA,1.2MHz,Yes,-40°C ~ 85°C (TA),Surface Mount,"SC-74A, SOT-753",SOT-25-5
"296-LM3679UR-1.8/NOPBTR-ND,296-LM3679UR-1.8/NOPBCT-ND,296-LM3679UR-1.8/NOPBDKR-ND",LM3679UR-1.8/NOPB,Texas Instruments,Texas Instruments,IC REG BUCK 1.8V 350MA 5DSBGA,"1,490",1.58,0,1,"Tape & Reel (TR),Cut Tape (CT),Digi-Reel®",-,Active,Step-Down,Positive,Buck,Fixed,1,2.5V,5.5V,1.8V,-,350mA,3MHz,Yes,-30°C ~ 85°C (TA),Surface Mount,5-XFBGA,5-DSBGA (1.47x1.02)
"296-TPS626751YFDTTR-ND,296-TPS626751YFDTCT-ND,296-TPS626751YFDTDKR-ND",TPS626751YFDT,Texas Instruments,Texas Instruments,IC REG BUCK 1.2V 650MA 6DSBGA,"3,346",1.57,0,1,"Tape & Reel (TR),Cut Tape (CT),Digi-Reel®",-,Active,Step-Down,Positive,Buck,Fixed,1,2.3V,4.8V,1.2V,-,650mA,6MHz,Yes,-40°C ~ 85°C (TA),Surface Mount,"6-XFBGA, DSBGA",6-DSBGA
"296-27318-2-ND,296-27318-1-ND,296-27318-6-ND",TPS622313DRYT,Texas Instruments,Texas Instruments,IC REG BUCK 1.3V 500MA 6SON,"1,370",1.61,0,1,"Tape & Reel (TR),Cut Tape (CT),Digi-Reel®",-,Active,Step-Down,Positive,Buck,Fixed,1,2.05V,6V,1.3V,-,500mA,3MHz,Yes,-40°C ~ 125°C (TJ),Surface Mount,6-UFDFN,6-SON (1.45x1)
"ADP2138ACBZ-1.0-R7TR-ND,ADP2138ACBZ-1.0-R7CT-ND,ADP2138ACBZ-1.0-R7DKR-ND",ADP2138ACBZ-1.0-R7,Analog Devices Inc.,Analog Devices Inc.,IC REG BUCK 1V 800MA 6WLCSP,"14,750",3.1,0,1,"Tape & Reel (TR),Cut Tape (CT),Digi-Reel®",-,Active,Step-Down,Positive,Buck,Fixed,1,2.3V,5.5V,1V,-,800mA,3MHz,Yes,-40°C ~ 85°C (TA),Surface Mount,"6-UFBGA, WLCSP",6-WLCSP (1.03x1.50)
"ADP2120ACPZ-3.3-R7TR-ND,ADP2120ACPZ-3.3-R7CT-ND,ADP2120ACPZ-3.3-R7DKR-ND",ADP2120ACPZ-3.3-R7,Analog Devices Inc.,Analog Devices Inc.,IC REG BUCK 3.3V 1.25A 10LFCSP,"1,690",3.17,0,1,"Tape & Reel (TR),Cut Tape (CT),Digi-Reel®",-,Active,Step-Down,Positive,Buck,Fixed,1,2.3V,5.5V,3.3V,-,1.25A,1.2MHz,Yes,-40°C ~ 125°C (TJ),Surface Mount,"10-VFDFN Exposed Pad, CSP",10-LFCSP-WD (3x3)
"296-12288-2-ND,296-12288-1-ND,296-12288-6-ND",TPS54616PWPR,Texas Instruments,Texas Instruments,IC REG BUCK 3.3V 6A 28HTSSOP,"2,149",3.81,0,1,"Tape & Reel (TR),Cut Tape (CT),Digi-Reel®",SWIFT™,Active,Step-Down,Positive,Buck,Fixed,1,3V,6V,3.3V,-,6A,"350kHz, 550kHz",Yes,-40°C ~ 125°C (TJ),Surface Mount,"28-PowerTSSOP (0.173"", 4.40mm Width)",28-HTSSOP
"846-BD99011EFV-ME2TR-ND,846-BD99011EFV-ME2CT-ND,846-BD99011EFV-ME2DKR-ND",BD99011EFV-ME2,Rohm Semiconductor,Rohm Semiconductor,IC REG BUCK 5V 2A 24HTSSOP-B,"2,000",5.34,0,1,"Tape & Reel (TR),Cut Tape (CT),Digi-Reel®","Automotive, AEC-Q100",Active,Step-Down,Positive,Buck,Fixed,1,3.6V,35V,5V,-,2A,200kHz ~ 500kHz,Yes,-40°C ~ 105°C (TA),Surface Mount,"24-VSSOP (0.220"", 5.60mm Width) Exposed Pad",24-HTSSOP-B
497-19083-ND,L6986H5V,STMicroelectronics,STMicroelectronics,POWER MANAGEMENT,809,3.55,0,1,Tube,-,Active,Step-Down,Positive,Buck,Fixed,1,4V,38V,5V,-,2A,250kHz ~ 2MHz,Yes,-40°C ~ 150°C (TJ),Surface Mount,"16-PowerTSSOP (0.173"", 4.40mm Width)",16-HTSSOP
497-19082-ND,L6986H3V3,STMicroelectronics,STMicroelectronics,POWER MANAGEMENT,764,3.55,0,1,Tube,-,Active,Step-Down,Positive,Buck,Fixed,1,4V,38V,3.3V,-,2A,250kHz ~ 2MHz,Yes,-40°C ~ 150°C (TJ),Surface Mount,"16-PowerTSSOP (0.173"", 4.40mm Width)",16-HTSSOP
497-15937-5-ND,A6986F5V,STMicroelectronics,STMicroelectronics,IC REG BUCK 5V 1.5A 16HTSSOP,489,3.7,0,1,Tube,"Automotive, AEC-Q100",Active,Step-Down,Positive,Buck,Fixed,1,4V,38V,5V,-,1.5A,250kHz ~ 2MHz,Yes,-40°C ~ 150°C (TJ),Surface Mount,"16-TSSOP (0.173"", 4.40mm Width) Exposed Pad",16-HTSSOP
MAX1928EUB15+-ND,MAX1928EUB15+,Analog Devices Inc./Maxim Integrated,Analog Devices Inc./Maxim Integrated,IC REG BUCK 1.5V 800MA 10UMAX,600,4.16,0,1,Tube,-,Active,Step-Down,Positive,Buck,Fixed,1,2.6V,5.5V,1.5V,-,800mA,800kHz ~ 1.2MHz,Yes,-40°C ~ 85°C (TA),Surface Mount,"10-TFSOP, 10-MSOP (0.118"", 3.00mm Width)",10-uMAX/uSOP
296-41562-5-ND,LM2852XMXA-1.0/NOPB,Texas Instruments,Texas Instruments,IC REG BUCK 1V 2A 14HTSSOP,130,4.29,0,1,Tube,SIMPLE SWITCHER®,Active,Step-Down,Positive,Buck,Fixed,1,2.85V,5.5V,1V,-,2A,1.5MHz,Yes,-40°C ~ 125°C (TJ),Surface Mount,"14-TSSOP (0.173"", 4.40mm Width) Exposed Pad",14-HTSSOP
MAX17682ATP+-ND,MAX17682ATP+,Analog Devices Inc./Maxim Integrated,Analog Devices Inc./Maxim Integrated,IC REG BUCK 5V 3.7A 20TQFN,"1,439",4.43,0,1,Tube,-,Active,Step-Down,"Positive, Isolation Capable",Buck,Fixed,1,4.5V,42V,5V,-,3.7A,100kHz ~ 500kHz,Yes,-40°C ~ 125°C (TA),Surface Mount,20-WFQFN Exposed Pad,20-TQFN (4x4)
296-17074-ND,TPS54357PWP,Texas Instruments,Texas Instruments,IC REG BUCK 5V 3A 16HTSSOP,772,4.57,0,1,Tube,SWIFT™,Active,Step-Down,Positive,Buck,Fixed,1,6.65V,20V,5V,-,3A,"250kHz, 500kHz",Yes,-40°C ~ 85°C (TA),Surface Mount,"16-PowerTSSOP (0.173"", 4.40mm Width)",16-HTSSOP
296-12127-5-ND,TPS54614PWP,Texas Instruments,Texas Instruments,IC REG BUCK 1.8V 6A 28HTSSOP,200,4.57,0,1,Tube,SWIFT™,Active,Step-Down,Positive,Buck,Fixed,1,3V,6V,1.8V,-,6A,"350kHz, 550kHz",Yes,-40°C ~ 125°C (TJ),Surface Mount,"28-PowerTSSOP (0.173"", 4.40mm Width)",28-HTSSOP
296-12125-5-ND,TPS54612PWP,Texas Instruments,Texas Instruments,IC REG BUCK 1.2V 6A 28HTSSOP,153,4.57,0,1,Tube,SWIFT™,Active,Step-Down,Positive,Buck,Fixed,1,3V,6V,1.2V,-,6A,"350kHz, 550kHz",Yes,-40°C ~ 125°C (TJ),Surface Mount,"28-PowerTSSOP (0.173"", 4.40mm Width)",28-HTSSOP
296-12126-5-ND,TPS54613PWP,Texas Instruments,Texas Instruments,IC REG BUCK 1.5V 6A 28HTSSOP,125,4.57,0,1,Tube,SWIFT™,Active,Step-Down,Positive,Buck,Fixed,1,3V,6V,1.5V,-,6A,"350kHz, 550kHz",Yes,-40°C ~ 125°C (TJ),Surface Mount,"28-PowerTSSOP (0.173"", 4.40mm Width)",28-HTSSOP
175-MAX17634AATP+-ND,MAX17634AATP+,Analog Devices Inc./Maxim Integrated,Analog Devices Inc./Maxim Integrated,IC REG BUCK ADJ 4.25A,753,4.58,0,1,Tube,-,Active,Step-Down,Positive,Buck,Fixed,1,4.5V,36V,3.3V,-,4.25A,400kHz ~ 2.2MHz,Yes,-40°C ~ 125°C (TA),Surface Mount,20-WFQFN Exposed Pad,20-TQFN (4x4)
LM2651MTC-3.3/NOPB-ND,LM2651MTC-3.3/NOPB,Texas Instruments,Texas Instruments,IC REG BUCK 3.3V 1.5A 16TSSOP,824,4.77,0,1,Tube,-,Active,Step-Down,Positive,Buck,Fixed,1,4V,14V,3.3V,-,1.5A,300kHz,Yes,-40°C ~ 125°C (TJ),Surface Mount,"16-TSSOP (0.173"", 4.40mm Width)",16-TSSOP
LM2852YMXA-1.8/NOPB-ND,LM2852YMXA-1.8/NOPB,Texas Instruments,Texas Instruments,IC REG BUCK 1.8V 2A 14HTSSOP,463,5.1,0,1,Tube,SIMPLE SWITCHER®,Active,Step-Down,Positive,Buck,Fixed,1,2.85V,5.5V,1.8V,-,2A,500kHz,Yes,-40°C ~ 125°C (TJ),Surface Mount,"14-TSSOP (0.173"", 4.40mm Width) Exposed Pad",14-HTSSOP
"2156-LM2852YMXA-2.5/NOPB-TI-ND,LM2852YMXA-2.5/NOPB-ND",LM2852YMXA-2.5/NOPB,Texas Instruments,"Rochester Electronics, LLC,Texas Instruments",IC REG BUCK 2.5V 2A 14HTSSOP,0,5.1,0,1,"Bulk,Tube",SIMPLE SWITCHER®,Active,Step-Down,Positive,Buck,Fixed,1,2.85V,5.5V,2.5V,-,2A,500kHz,Yes,-40°C ~ 125°C (TJ),Surface Mount,"14-TSSOP (0.173"", 4.40mm Width) Exposed Pad",14-HTSSOP
LM2853MH-1.2/NOPB-ND,LM2853MH-1.2/NOPB,Texas Instruments,Texas Instruments,IC REG BUCK 1.2V 3A 14HTSSOP,"2,831",5.96,0,1,Tube,SIMPLE SWITCHER®,Active,Step-Down,Positive,Buck,Fixed,1,3V,5.5V,1.2V,-,3A,550kHz,Yes,-40°C ~ 125°C (TJ),Surface Mount,"14-TSSOP (0.173"", 4.40mm Width) Exposed Pad",14-HTSSOP
LM2853MH-1.0/NOPB-ND,LM2853MH-1.0/NOPB,Texas Instruments,Texas Instruments,IC REG BUCK 1V 3A 14HTSSOP,376,5.96,0,1,Tube,SIMPLE SWITCHER®,Active,Step-Down,Positive,Buck,Fixed,1,3V,5.5V,1V,-,3A,550kHz,Yes,-40°C ~ 125°C (TJ),Surface Mount,"14-TSSOP (0.173"", 4.40mm Width) Exposed Pad",14-HTSSOP
LM2853MH-1.8/NOPB-ND,LM2853MH-1.8/NOPB,Texas Instruments,Texas Instruments,IC REG BUCK 1.8V 3A 14HTSSOP,250,5.96,0,1,Tube,SIMPLE SWITCHER®,Active,Step-Down,Positive,Buck,Fixed,1,3V,5.5V,1.8V,-,3A,550kHz,Yes,-40°C ~ 125°C (TJ),Surface Mount,"14-TSSOP (0.173"", 4.40mm Width) Exposed Pad",14-HTSSOP
MAX16956AUBD/V+-ND,MAX16956AUBD/V+,Analog Devices Inc./Maxim Integrated,Analog Devices Inc./Maxim Integrated,IC REG BUCK 5V 300MA 10UMAX,254,6.31,0,1,Tube,-,Active,Step-Down,Positive,Buck,Fixed,1,3.5V,36V,5V,-,300mA,2.1MHz,Yes,-40°C ~ 125°C (TA),Surface Mount,"10-TFSOP, 10-MSOP (0.118"", 3.00mm Width) Exposed Pad",10-uMAX-EP
LTC3621EMS8E-23.3#PBF-ND,LTC3621EMS8E-23.3#PBF,Analog Devices Inc.,Analog Devices Inc.,IC REG BUCK 3.3V 1A 8MSOP,129,6.89,0,1,Tube,-,Active,Step-Down,Positive,Buck,Fixed,1,2.7V,17V,3.3V,-,1A,2.25MHz,Yes,-40°C ~ 125°C (TJ),Surface Mount,"8-TSSOP, 8-MSOP (0.118"", 3.00mm Width) Exposed Pad",8-MSOP-EP
LTC3624EMSE-3.3#PBF-ND,LTC3624EMSE-3.3#PBF,Analog Devices Inc.,Analog Devices Inc.,IC REG BUCK 3.3V 2A 12MSOP,449,7.92,0,1,Tube,-,Active,Step-Down,Positive,Buck,Fixed,1,2.7V,17V,3.3V,-,2A,1MHz,Yes,-40°C ~ 125°C (TJ),Surface Mount,"12-TSSOP (0.118"", 3.00mm Width) Exposed Pad",12-MSOP-EP
"1662-3338-2-ND,1662-3338-1-ND,1662-3338-6-ND",S-85V1AB12-I6T1U,ABLIC Inc.,ABLIC Inc.,IC REG SNT-6A,"5,000",1.49,0,1,"Tape & Reel (TR),Cut Tape (CT),Digi-Reel®",-,Active,Step-Down,Positive,Buck,Fixed,1,2.2V,5.5V,1.2V,-,200mA,1MHz,Yes,-40°C ~ 85°C (TA),Surface Mount,"6-SMD, Flat Leads",SNT-6A
"1662-3339-2-ND,1662-3339-1-ND,1662-3339-6-ND",S-85V1AB30-I6T1U,ABLIC Inc.,ABLIC Inc.,IC REG SNT-6A,"5,000",1.49,0,1,"Tape & Reel (TR),Cut Tape (CT),Digi-Reel®",-,Active,Step-Down,Positive,Buck,Fixed,1,2.2V,5.5V,3V,-,200mA,1MHz,Yes,-40°C ~ 85°C (TA),Surface Mount,"6-SMD, Flat Leads",SNT-6A
"893-1360-2-ND,893-1360-1-ND,893-1360-6-ND",XC9272B0714R-G,Torex Semiconductor Ltd,Torex Semiconductor Ltd,IC REG BUCK 0.7V 50MA 6USPEL,"3,000",1.49,0,1,"Tape & Reel (TR),Cut Tape (CT),Digi-Reel®",-,Not For New Designs,Step-Down,Positive,Buck,Fixed,1,2V,6V,0.7V,-,50mA,-,Yes,-40°C ~ 85°C (TA),Surface Mount,6-XDFN Exposed Pad,6-USPEL (1.8x2)
"1662-3354-2-ND,1662-3354-1-ND,1662-3354-6-ND",S-85S0AB09-I6T1U,ABLIC Inc.,ABLIC Inc.,IC REG BUCK 0.9V 50MA SNT-6A,"5,000",1.69,0,1,"Tape & Reel (TR),Cut Tape (CT),Digi-Reel®",S-85S0A,Active,Step-Down,Positive,Buck,Fixed,1,2.2V,5.5V,0.9V,-,50mA,-,Yes,-40°C ~ 85°C (TA),Surface Mount,"6-SMD, Flat Leads",SNT-6A
"576-3245-2-ND,576-3245-1-ND,576-3245-6-ND",MIC23031-CYMT-TR,Microchip Technology,Microchip Technology,IC REG BUCK 1V 400MA 6TMLF,"5,849",0.93,0,1,"Tape & Reel (TR),Cut Tape (CT),Digi-Reel®",HyperLight Load®,Active,Step-Down,Positive,Buck,Fixed,1,2.7V,5.5V,1V,-,400mA,4MHz,Yes,-40°C ~ 125°C (TJ),Surface Mount,"6-UFDFN Exposed Pad, 6-TMLF®",6-TMLF® (1.6x1.6)
"1662-3367-2-ND,1662-3367-1-ND,1662-3367-6-ND",S-85S1PC12-I8T1U,ABLIC Inc.,ABLIC Inc.,IC REG BUCK 1.2V 200MA SNT-8A,"5,000",1.9,0,1,"Tape & Reel (TR),Cut Tape (CT),Digi-Reel®",S-85S1PC,Active,Step-Down,Positive,Buck,Fixed,1,2.2V,5.5V,1.2V,-,200mA,1MHz,Yes,-40°C ~ 85°C (TA),Surface Mount,"8-SMD, Flat Lead",SNT-8A
"1662-3372-2-ND,1662-3372-1-ND,1662-3372-6-ND",S-85S1PD12-I8T1U,ABLIC Inc.,ABLIC Inc.,IC REG BUCK 1.2V 200MA SNT-8A,"5,000",1.9,0,1,"Tape & Reel (TR),Cut Tape (CT),Digi-Reel®",S-85S1PD,Active,Step-Down,Positive,Buck,Fixed,1,2.2V,5.5V,1.2V,-,200mA,1MHz,Yes,-40°C ~ 85°C (TA),Surface Mount,"8-SMD, Flat Lead",SNT-8A
"1662-3375-2-ND,1662-3375-1-ND,1662-3375-6-ND",S-85S1PD23-I8T1U,ABLIC Inc.,ABLIC Inc.,IC REG BUCK 2.3V 200MA SNT-8A,"5,000",1.9,0,1,"Tape & Reel (TR),Cut Tape (CT),Digi-Reel®",S-85S1PD,Active,Step-Down,Positive,Buck,Fixed,1,2.2V,5.5V,2.3V,-,200mA,1MHz,Yes,-40°C ~ 85°C (TA),Surface Mount,"8-SMD, Flat Lead",SNT-8A
"1589-MPQ4432GL-PTR-ND,1589-MPQ4432GL-PCT-ND,1589-MPQ4432GL-PDKR-ND",MPQ4432GL-P,Monolithic Power Systems Inc.,Monolithic Power Systems Inc.,IC REG IND GRADE 36V 2.2A LOW,500,4.1,0,1,"Tape & Reel (TR),Cut Tape (CT),Digi-Reel®",-,Active,Step-Down,Positive,Buck,Fixed,1,3.3V,36V,"3.3V, 3.8V, 5V",-,2.2A,350kHz ~ 2.5MHz,Yes,-40°C ~ 125°C (TJ),Surface Mount,16-PowerVQFN,16-QFN (3x4)
"LTC3620EDC-1#TRMPBFTR-ND,LTC3620EDC-1#TRMPBFCT-ND,LTC3620EDC-1#TRMPBFDKR-ND",LTC3620EDC-1#TRMPBF,Analog Devices Inc.,Analog Devices Inc.,IC REG BUCK 1.1V 15MA 8DFN,671,5.87,0,1,"Tape & Reel (TR),Cut Tape (CT),Digi-Reel®",-,Active,Step-Down,Positive,Buck,Fixed,1,2.9V,5.5V,1.1V,-,15mA,50kHz,Yes,-40°C ~ 125°C (TJ),Surface Mount,8-WFDFN Exposed Pad,8-DFN (2x2)
497-19079-ND,A6986H3V3,STMicroelectronics,STMicroelectronics,POWER MANAGEMENT,"1,000",4.04,0,1,Tube,"Automotive, AEC-Q100",Active,Step-Down,Positive,Buck,Fixed,1,4V,38V,3.3V,-,2A,250kHz ~ 2MHz,Yes,-40°C ~ 150°C (TJ),Surface Mount,"16-PowerTSSOP (0.173"", 4.40mm Width)",16-HTSSOP
497-19080-ND,A6986H5V,STMicroelectronics,STMicroelectronics,POWER MANAGEMENT,990,4.04,0,1,Tube,"Automotive, AEC-Q100",Active,Step-Down,Positive,Buck,Fixed,1,4V,38V,5V,-,2A,250kHz ~ 2MHz,Yes,-40°C ~ 150°C (TJ),Surface Mount,"16-PowerTSSOP (0.173"", 4.40mm Width)",16-HTSSOP
LM2852YMXA-1.5/NOPB-ND,LM2852YMXA-1.5/NOPB,Texas Instruments,Texas Instruments,IC REG BUCK 1.5V 2A 14HTSSOP,226,5.1,0,1,Tube,SIMPLE SWITCHER®,Active,Step-Down,Positive,Buck,Fixed,1,2.85V,5.5V,1.5V,-,2A,500kHz,Yes,-40°C ~ 125°C (TJ),Surface Mount,"14-TSSOP (0.173"", 4.40mm Width) Exposed Pad",14-HTSSOP
MAX1952ESA+-ND,MAX1952ESA+,Analog Devices Inc./Maxim Integrated,Analog Devices Inc./Maxim Integrated,IC REG BUCK 1.8V 2A 8SOIC,266,5.38,0,1,Tube,-,Active,Step-Down,Positive,Buck,Fixed,1,2.6V,5.5V,1.8V,-,2A,800kHz ~ 1.1MHz,Yes,-40°C ~ 85°C (TA),Surface Mount,"8-SOIC (0.154"", 3.90mm Width)",8-SOIC
LM2853MH-1.5/NOPB-ND,LM2853MH-1.5/NOPB,Texas Instruments,Texas Instruments,IC REG BUCK 1.5V 3A 14HTSSOP,360,5.96,0,1,Tube,SIMPLE SWITCHER®,Active,Step-Down,Positive,Buck,Fixed,1,3V,5.5V,1.5V,-,3A,550kHz,Yes,-40°C ~ 125°C (TJ),Surface Mount,"14-TSSOP (0.173"", 4.40mm Width) Exposed Pad",14-HTSSOP
2156-FAN53501AUCX-ND,FAN53501AUCX,Fairchild Semiconductor,"Rochester Electronics, LLC",SWITCHING REGULATOR,"12,000",0.17,0,1803,Bulk,-,Active,Step-Down,Positive,Buck,Fixed,1,2.7V,5.5V,1.82V,-,600mA,3MHz,Yes,-40°C ~ 85°C (TA),Surface Mount,"5-UFBGA, WLCSP",5-WLCSP (0.96x1.33)
2156-MIC24085FYML-TX-ND,MIC24085FYML-TX,Micrel Inc.,"Rochester Electronics, LLC","18V, 3A, 1MHZ, HIGH-PERFORMANCE,","99,698",0.2,0,1519,Bulk,-,Active,Step-Down,Positive,Buck,Fixed,1,4.5V,18V,5V,-,3A,1MHz,Yes,-40°C ~ 125°C (TJ),Surface Mount,16-VFQFN Exposed Pad,16-QFN (3x3)
2156-MIC24085CYML-TX-ND,MIC24085CYML-TX,Micrel Inc.,"Rochester Electronics, LLC","18V, 3A, 1MHZ, HIGH-PERFORMANCE,","51,000",0.2,0,1519,Bulk,-,Active,Step-Down,Positive,Buck,Fixed,1,4.5V,18V,1.8V,-,3A,1MHz,Yes,-40°C ~ 125°C (TJ),Surface Mount,16-VFQFN Exposed Pad,16-QFN (3x3)
2156-MIC24085DYML-TX-ND,MIC24085DYML-TX,Micrel Inc.,"Rochester Electronics, LLC","18V, 3A, 1MHZ, HIGH-PERFORMANCE,","46,300",0.2,0,1519,Bulk,-,Active,Step-Down,Positive,Buck,Fixed,1,4.5V,18V,2.5V,-,3A,1MHz,Yes,-40°C ~ 125°C (TJ),Surface Mount,16-VFQFN Exposed Pad,16-QFN (3x3)
2156-MIC24085BYML-TX-ND,MIC24085BYML-TX,Micrel Inc.,"Rochester Electronics, LLC","18V, 3A, 1MHZ, HIGH-PERFORMANCE,","34,308",0.2,0,1519,Bulk,-,Active,Step-Down,Positive,Buck,Fixed,1,4.5V,18V,1.5V,-,3A,1MHz,Yes,-40°C ~ 125°C (TJ),Surface Mount,16-VFQFN Exposed Pad,16-QFN (3x3)
2156-FAN5358S718X-FSTR-ND,FAN5358S718X,Fairchild Semiconductor,"Rochester Electronics, LLC","SWITCHING REGLTR, VOLTAGE-MODE","594,534",0.31,0,962,Bulk,-,Obsolete,Step-Down,Positive,Buck,Fixed,1,2.7V,5.5V,1.8V,-,500mA,2MHz,Yes,-40°C ~ 85°C (TA),Surface Mount,"6-TSSOP, SC-88, SOT-363",SC-88 (SC-70-6)
2156-FAN5358S712X-FSTR-ND,FAN5358S712X,Fairchild Semiconductor,"Rochester Electronics, LLC","SWITCHING REGLTR, VOLTAGE-MODE","91,704",0.31,0,962,Bulk,-,Obsolete,Step-Down,Positive,Buck,Fixed,1,2.7V,5.5V,1.2V,-,500mA,2MHz,Yes,-40°C ~ 85°C (TA),Surface Mount,"6-TSSOP, SC-88, SOT-363",SC-88 (SC-70-6)
2156-FAN5358S710X-FSTR-ND,FAN5358S710X,Fairchild Semiconductor,"Rochester Electronics, LLC","SWITCHING REGLTR, VOLTAGE-MODE","26,645",0.31,0,962,Bulk,-,Obsolete,Step-Down,Positive,Buck,Fixed,1,2.7V,5.5V,1V,-,500mA,2MHz,Yes,-40°C ~ 85°C (TA),Surface Mount,"6-TSSOP, SC-88, SOT-363",SC-88 (SC-70-6)
2156-FAN5361UC123X-FSTR-ND,FAN5361UC123X,Fairchild Semiconductor,"Rochester Electronics, LLC","SWITCHING REGULATOR, VOLT-MODE","848,800",0.33,0,902,Bulk,-,Obsolete,Step-Down,Positive,Buck,Fixed,1,2.3V,5.5V,1.233V,-,600mA,6MHz,Yes,-40°C ~ 85°C (TA),Surface Mount,"6-UFBGA, WLCSP",6-WLCSP (1.23x0.88)
2156-FAN5362UC33X-ND,FAN5362UC33X,Fairchild Semiconductor,"Rochester Electronics, LLC","SWITCHING REGLTR, VOLTAGE-MODE","22,361",0.33,0,902,Bulk,-,Obsolete,Step-Down,Positive,Buck,Fixed,1,3.5V,5.5V,3.3V,-,500mA,3MHz,Yes,-40°C ~ 85°C (TA),Surface Mount,"6-UFBGA, WLCSP",6-WLCSP (1.23x0.88)
2156-FAN5362UC29X-ND,FAN5362UC29X,Fairchild Semiconductor,"Rochester Electronics, LLC","SWITCHING REGULATOR, VOLT-MODE","4,672",0.33,0,902,Bulk,-,Obsolete,Step-Down,Positive,Buck,Fixed,1,3.1V,5.5V,2.9V,-,500mA,3MHz,Yes,-40°C ~ 85°C (TA),Surface Mount,"6-UFBGA, WLCSP",6-WLCSP (1.23x0.88)
2156-FAN5362UC27X-ND,FAN5362UC27X,Fairchild Semiconductor,"Rochester Electronics, LLC","SWITCHING REGULATOR, VOLT-MODE","1,335",0.33,0,902,Bulk,-,Obsolete,Step-Down,Positive,Buck,Fixed,1,2.9V,5.5V,2.7V,-,500mA,3MHz,Yes,-40°C ~ 85°C (TA),Surface Mount,"6-UFBGA, WLCSP",6-WLCSP (1.23x0.88)
"2129-RP509Z182B-E2-FTR-ND,2129-RP509Z182B-E2-FCT-ND,2129-RP509Z182B-E2-FDKR-ND",RP509Z182B-E2-F,Nisshinbo Micro Devices Inc.,Nisshinbo Micro Devices Inc.,0.5A/1A 6MHZ PWM/VFM STEP-DOWN D,"5,050",0.86,0,1,"Tape & Reel (TR),Cut Tape (CT),Digi-Reel®",RP509x,Active,Step-Down,Positive,Buck,Fixed,1,2.3V,5.5V,1.8V,-,500mA,6MHz,Yes,-40°C ~ 85°C (TA),Surface Mount,"6-WFBGA, WLCSP",WLCSP-6-P6
2156-FAN5362UMP29X-ND,FAN5362UMP29X,Fairchild Semiconductor,"Rochester Electronics, LLC","SWITCHING REGULATOR, VOLT-MODE",0,0.37,0,802,Bulk,-,Obsolete,Step-Down,Positive,Buck,Fixed,1,2.7V,5.5V,2.9V,-,500mA,3MHz,Yes,-40°C ~ 85°C (TA),Surface Mount,6-UDFN Exposed Pad,6-UMLP (2x2)
2156-LM3670MFX-1.2-ND,LM3670MFX-1.2,National Semiconductor,"Rochester Electronics, LLC","SWITCHING REG, VOLTAGE-MODE, 0.7",0,0.4,0,633,Bulk,-,Active,Step-Down,Positive,Buck,Fixed,1,2.5V,5.5V,1.2V,-,350mA,1MHz,Yes,-40°C ~ 85°C (TA),Surface Mount,"SC-74A, SOT-753",SOT-23-5
2156-LM3670MF-1.8-ND,LM3670MF-1.8,National Semiconductor,"Rochester Electronics, LLC","SWITCHING REG, VOLTAGE-MODE, 0.7",0,0.41,0,617,Bulk,-,Active,Step-Down,Positive,Buck,Fixed,1,2.5V,5.5V,1.8V,-,350mA,1MHz,Yes,-40°C ~ 85°C (TA),Surface Mount,"SC-74A, SOT-753",SOT-23-5
2156-FAN53501UCX-ND,FAN53501UCX,Fairchild Semiconductor,"Rochester Electronics, LLC",SWITCHING REGULATOR,"8,480",0.41,0,740,Bulk,-,Active,Step-Down,Positive,Buck,Fixed,1,2.7V,5.5V,1.82V,-,600mA,3MHz,Yes,-40°C ~ 85°C (TA),Surface Mount,"5-UFBGA, WLCSP",5-WLCSP (0.96x1.33)
2156-LM3671MF-1.6-ND,LM3671MF-1.6,National Semiconductor,"Rochester Electronics, LLC","SWITCHING REG, VOLTAGE-MODE, 1.1",0,0.41,0,617,Bulk,-,Active,Step-Down,Positive,Buck,Fixed,1,2.7V,5.5V,1.6V,-,600mA,2MHz,Yes,-40°C ~ 85°C (TA),Surface Mount,"SC-74A, SOT-753",SOT-23-5
2156-LM3671MF-1.875-ND,LM3671MF-1.875,National Semiconductor,"Rochester Electronics, LLC","SWITCHING REG, VOLTAGE-MODE, 1.1","1,026",0.41,0,740,Bulk,-,Active,Step-Down,Positive,Buck,Fixed,1,2.7V,5.5V,1.875V,-,600mA,2MHz,Yes,-40°C ~ 85°C (TA),Surface Mount,"SC-74A, SOT-753",SOT-23-5
2156-LM3671LC-1.8-ND,LM3671LC-1.8,National Semiconductor,"Rochester Electronics, LLC","SWITCHING REG, VOLTAGE-MODE, 1.1",0,0.42,0,601,Bulk,-,Active,Step-Down,Positive,Buck,Fixed,1,2.7V,5.5V,1.8V,-,600mA,2MHz,Yes,-40°C ~ 85°C (TA),Surface Mount,6-UFDFN,6-USON (2x2)
2156-LM3671LC-1.2-ND,LM3671LC-1.2,National Semiconductor,"Rochester Electronics, LLC","SWITCHING REG, VOLTAGE-MODE, 1.1",0,0.42,0,601,Bulk,-,Active,Step-Down,Positive,Buck,Fixed,1,2.7V,5.5V,1.2V,-,600mA,2MHz,Yes,-40°C ~ 85°C (TA),Surface Mount,6-UFDFN,6-USON (2x2)
2156-LM3691TLX-0.75/NOPB-ND,LM3691TLX-0.75/NOPB,National Semiconductor,"Rochester Electronics, LLC","SWITCHING REG, VOLTAGE-MODE, 1.7",0,0.46,0,547,Bulk,-,Active,Step-Down,Positive,Buck,Fixed,1,2.3V,5.5V,0.75V,-,1A,4MHz,Yes,-30°C ~ 85°C (TA),Surface Mount,"6-WFBGA, DSBGA",6-DSBGA (1.5x1.3)
2156-FAN5358S713X-FSTR-ND,FAN5358S713X,Fairchild Semiconductor,"Rochester Electronics, LLC","SWITCHING REGLTR, VOLTAGE-MODE","35,925",0.48,0,628,Bulk,-,Obsolete,Step-Down,Positive,Buck,Fixed,1,2.7V,5.5V,1.3V,-,500mA,2MHz,Yes,-40°C ~ 85°C (TA),Surface Mount,"6-TSSOP, SC-88, SOT-363",SC-88 (SC-70-6)
2156-LM3676SD-1.5/NOPB-ND,LM3676SD-1.5/NOPB,National Semiconductor,"Rochester Electronics, LLC","SWITCHING REG, VOLTAGE-MODE, 1.2",0,0.56,0,446,Bulk,-,Active,Step-Down,Positive,Buck,Fixed,1,2.9V,5.5V,1.5V,-,600mA,2MHz,Yes,-30°C ~ 85°C (TA),Surface Mount,8-WFDFN Exposed Pad,8-WSON (3x3)
2156-LM3206TL/NOPB-ND,LM3206TL/NOPB,National Semiconductor,"Rochester Electronics, LLC",IC REG BUCK 3.09V 0.65A 8USMD,0,0.56,0,446,Bulk,-,Active,Step-Down,Positive,Buck,Fixed,1,3.25V,5.5V,3.09V,-,650mA,2MHz,Yes,-30°C ~ 85°C (TA),Surface Mount,8-WFBGA,8-TuSMD
2156-LM3673TLX-1.5/NOPB-ND,LM3673TLX-1.5/NOPB,National Semiconductor,"Rochester Electronics, LLC","SWITCHING REG, VOLTAGE-MODE, 0.8",0,0.62,0,401,Bulk,-,Active,Step-Down,Positive,Buck,Fixed,1,2.7V,5.5V,1.5V,-,350mA,2MHz,Yes,-30°C ~ 85°C (TA),Surface Mount,"5-WFBGA, DSBGA",5-DSBGA (1.41x1.08)
2156-LM3370TLX-3022/NOPB-ND,LM3370TLX-3022/NOPB,National Semiconductor,"Rochester Electronics, LLC","DUAL SWITCHING CONTROLLER, VOLTA",0,0.68,0,370,Bulk,-,Active,Step-Down,Positive,Buck,Fixed,2,2.7V,5.5V,"1.2V, 1.85V",-,600mA,2MHz,Yes,-30°C ~ 85°C (TA),Surface Mount,20-UFBGA,20-uSMD
2156-LM3370TLX-3006/NOPB-ND,LM3370TLX-3006/NOPB,National Semiconductor,"Rochester Electronics, LLC","DUAL SWITCHING CONTROLLER, VOLTA",0,0.68,0,370,Bulk,-,Active,Step-Down,Positive,Buck,Fixed,2,2.7V,5.5V,"1.2V, 1.8V",-,600mA,2MHz,Yes,-30°C ~ 85°C (TA),Surface Mount,20-WFBGA,20-uSMD (2.05x3)
2156-LM3370SD-3806/NOPB-ND,LM3370SD-3806/NOPB,National Semiconductor,"Rochester Electronics, LLC","DUAL SWITCHING CONTROLLER, VOLTA",0,0.68,0,370,Bulk,-,Active,Step-Down,Positive,Buck,Fixed,2,2.7V,5.5V,"1.6V, 1.8V",-,600mA,2MHz,Yes,-30°C ~ 85°C (TA),Surface Mount,16-WFDFN Exposed Pad,16-WSON (5x4)
"296-TPS628601YCHRTR-ND,296-TPS628601YCHRCT-ND,296-TPS628601YCHRDKR-ND",TPS628601YCHR,Texas Instruments,Texas Instruments,"1.8-V TO 5.5-V INPUT, TINY, 0.6-","31,172",1.4,0,1,"Tape & Reel (TR),Cut Tape (CT),Digi-Reel®",-,Active,Step-Down,Positive,Buck,Fixed,1,1.8V,5.5V,"0.6V, 0.7V, 0.8V, 1V",-,600mA,1.5MHz,Yes,-40°C ~ 125°C (TJ),Surface Mount,"8-XFBGA, DSBGA",8-DSBGA (0.66x1.36)
2156-FAN5350UCX-ND,FAN5350UCX,Fairchild Semiconductor,"Rochester Electronics, LLC","SWITCHING REGLTR, VOLTAGE-MODE","1,308,093",0.71,0,425,Bulk,-,Obsolete,Step-Down,Positive,Buck,Fixed,1,2.7V,5.5V,1.82V,-,600mA,3MHz,Yes,-40°C ~ 85°C (TA),Surface Mount,"5-UFBGA, WLCSP",5-WLCSP (0.96x1.33)
2156-ADP1148AN-3.3-ND,ADP1148AN-3.3,Analog Devices Inc.,"Rochester Electronics, LLC",IC REG LIN STEP DOWN SWITCHING,"14,962",0.75,0,334,Bulk,ADP1148,Active,Step-Down,Positive,Buck,Fixed,1,3.5V,18V,3.3V,-,-,-,Yes,0°C ~ 70°C,Through Hole,"14-DIP (0.300"", 7.62mm)",14-PDIP
2156-ADP1148AN-5-ND,ADP1148AN-5,Analog Devices Inc.,"Rochester Electronics, LLC",IC REG LIN STEP DOWN SWITCHING,"8,090",0.75,0,401,Bulk,ADP1148,Active,Step-Down,Positive,Buck,Fixed,1,3.5V,18V,5V,-,-,-,Yes,0°C ~ 70°C,Through Hole,"14-DIP (0.300"", 7.62mm)",14-PDIP
2156-FAN5307S18X-FSTR-ND,FAN5307S18X,Fairchild Semiconductor,"Rochester Electronics, LLC",SWITCHING REGULATOR,"251,922",0.76,0,396,Bulk,-,Obsolete,Step-Down,Positive,Buck,Fixed,1,2.5V,5.5V,1.8V,-,300mA,1MHz,Yes,-40°C ~ 85°C (TA),Surface Mount,"SC-74A, SOT-753",SOT-23-5
2156-ADP1148AR-3.3-ND,ADP1148AR-3.3,Analog Devices Inc.,"Rochester Electronics, LLC",IC REG LIN STEP DOWN SWITCHING,"24,190",0.77,0,325,Bulk,ADP1148,Active,Step-Down,Positive,Buck,Fixed,1,3.5V,18V,3.3V,-,-,-,Yes,0°C ~ 70°C,Surface Mount,"14-SOIC (0.154"", 3.90mm Width)",14-SO
2156-ADP1148AR-5-ND,ADP1148AR-5,Analog Devices Inc.,"Rochester Electronics, LLC",IC REG LIN STEP DOWN SWITCHING,"6,643",0.77,0,390,Bulk,ADP1148,Active,Step-Down,Positive,Buck,Fixed,1,3.5V,18V,5V,-,-,-,Yes,0°C ~ 70°C,Surface Mount,"14-SOIC (0.154"", 3.90mm Width)",14-SO
"296-LM3671LC-1.3/NOPBTR-ND,296-LM3671LC-1.3/NOPBCT-ND,296-LM3671LC-1.3/NOPBDKR-ND",LM3671LC-1.3/NOPB,Texas Instruments,Texas Instruments,IC REG BUCK 1.3V 600MA 6USON,"3,000",1.62,0,1,"Tape & Reel (TR),Cut Tape (CT),Digi-Reel®",-,Active,Step-Down,Positive,Buck,Fixed,1,2.7V,5.5V,1.3V,-,600mA,2MHz,Yes,-40°C ~ 85°C (TA),Surface Mount,6-UFDFN,6-USON (2x2)
2156-LM3670MF-2.5/NOPB-ND,LM3670MF-2.5/NOPB,National Semiconductor,"Rochester Electronics, LLC","SWITCHING REGLTR, VOLTAGE-MODE",0,0.99,0,254,Bulk,-,Obsolete,Step-Down,Positive,Buck,Fixed,1,2.5V,5.5V,2.5V,-,350mA,1MHz,Yes,-40°C ~ 85°C (TA),Surface Mount,"SC-74A, SOT-753",SOT-23-5
2156-LM2852YMXAX-1.8-ND,LM2852YMXAX-1.8,National Semiconductor,"Rochester Electronics, LLC","SWITCHING REG, VOLTAGE-MODE, 3.6",0,1,0,251,Bulk,SIMPLE SWITCHER®,Active,Step-Down,Positive,Buck,Fixed,1,2.85V,5.5V,1.8V,-,2A,500kHz,Yes,-40°C ~ 125°C (TJ),Surface Mount,"14-PowerTSSOP (0.173"", 4.40mm Width)",14-HTSSOP
"296-18983-2-ND,296-18983-1-ND,296-18983-6-ND",TPS62303DRCR,Texas Instruments,Texas Instruments,IC REG BUCK 1.8V 500MA 10VSON,"3,315",1.85,0,1,"Tape & Reel (TR),Cut Tape (CT),Digi-Reel®",-,Active,Step-Down,Positive,Buck,Fixed,1,2.7V,6V,1.8V,-,500mA,3MHz,Yes,-40°C ~ 85°C (TA),Surface Mount,10-VFDFN Exposed Pad,10-VSON (3x3)
"ADP2108AUJZ-1.5-R7TR-ND,ADP2108AUJZ-1.5-R7CT-ND,ADP2108AUJZ-1.5-R7DKR-ND",ADP2108AUJZ-1.5-R7,Analog Devices Inc.,Analog Devices Inc.,IC REG BUCK 1.5V 600MA TSOT23-5,"3,000",2.13,0,1,"Tape & Reel (TR),Cut Tape (CT),Digi-Reel®",-,Active,Step-Down,Positive,Buck,Fixed,1,2.3V,5.5V,1.5V,-,600mA,3MHz,Yes,-40°C ~ 125°C (TA),Surface Mount,"SOT-23-5 Thin, TSOT-23-5",TSOT-23-5
2156-FAN5307S15X-FSTR-ND,FAN5307S15X,Fairchild Semiconductor,"Rochester Electronics, LLC",SWITCHING REGULATOR,"29,285",1.54,0,195,Bulk,-,Obsolete,Step-Down,Positive,Buck,Fixed,1,2.5V,5.5V,1.5V,-,300mA,1MHz,Yes,-40°C ~ 85°C (TA),Surface Mount,"SC-74A, SOT-753",SOT-23-5
2156-LM2852YMXAX-0.8/NOPB-ND,LM2852YMXAX-0.8/NOPB,National Semiconductor,"Rochester Electronics, LLC","SWITCHING REG, VOLTAGE-MODE, 3.6",0,1.7,0,148,Bulk,SIMPLE SWITCHER®,Active,Step-Down,Positive,Buck,Fixed,1,2.85V,5.5V,0.8V,-,2A,500kHz,Yes,-40°C ~ 125°C (TJ),Surface Mount,"14-PowerTSSOP (0.173"", 4.40mm Width)",14-HTSSOP
2156-LM2852YMXAX-3.0/NOPB-ND,LM2852YMXAX-3.0/NOPB,National Semiconductor,"Rochester Electronics, LLC","SWITCHING REG, VOLTAGE-MODE, 3.6",0,1.79,0,140,Bulk,-,Active,Step-Down,Positive,Buck,Fixed,1,2.85V,5.5V,3V,-,2A,500kHz,Yes,-40°C ~ 125°C (TJ),Surface Mount,"14-TSSOP (0.173"", 4.40mm Width) Exposed Pad",14-HTSSOP
"1589-MPQ9843GLE-5-AEC1-ZTR-ND,1589-MPQ9843GLE-5-AEC1-ZCT-ND,1589-MPQ9843GLE-5-AEC1-ZDKR-ND",MPQ9843GLE-5-AEC1-Z,Monolithic Power Systems Inc.,Monolithic Power Systems Inc.,"36V, 3A, LOW IQ, STEP-DOWN CONVE","5,000",3.57,0,1,"Tape & Reel (TR),Cut Tape (CT),Digi-Reel®","Automotive, AEC-Q100, MPQ",Active,Step-Down,Positive,Buck,Fixed,1,3.3V,36V,5V,-,3A,350kHz ~ 2.5MHz,Yes,-40°C ~ 125°C (TJ),"Surface Mount, Wettable Flank",16-VQFN,16-QFN (3x4)
2156-LM2853MHX-3.0/NOPB-ND,LM2853MHX-3.0/NOPB,National Semiconductor,"Rochester Electronics, LLC","SWITCHING REG, VOLTAGE-MODE, 3A,",0,1.99,0,126,Bulk,-,Active,Step-Down,Positive,Buck,Fixed,1,3V,5.5V,3V,-,3A,550kHz,Yes,-40°C ~ 125°C (TJ),Surface Mount,"14-TSSOP (0.173"", 4.40mm Width) Exposed Pad",14-HTSSOP
"1589-MPQ9840GLE-5-AEC1-ZTR-ND,1589-MPQ9840GLE-5-AEC1-ZCT-ND,1589-MPQ9840GLE-5-AEC1-ZDKR-ND",MPQ9840GLE-5-AEC1-Z,Monolithic Power Systems Inc.,Monolithic Power Systems Inc.,"36V, 3.5A, LOW IQ, SYNCHRONOUS S","5,000",3.76,0,1,"Tape & Reel (TR),Cut Tape (CT),Digi-Reel®","Automotive, AEC-Q100, MPQ",Active,Step-Down,Positive,Buck,Fixed,1,3.3V,36V,5V,-,3.5A,350kHz ~ 2.5MHz,Yes,-40°C ~ 125°C (TJ),"Surface Mount, Wettable Flank",16-VQFN,16-QFN (3x4)
2156-LM2852YMXA-0.8/NOPB-ND,LM2852YMXA-0.8/NOPB,National Semiconductor,"Rochester Electronics, LLC","SWITCHING REG, VOLTAGE-MODE, 3.6",0,2.04,0,123,Bulk,SIMPLE SWITCHER®,Active,Step-Down,Positive,Buck,Fixed,1,2.85V,5.5V,0.8V,-,2A,500kHz,Yes,-40°C ~ 125°C (TJ),Surface Mount,"14-PowerTSSOP (0.173"", 4.40mm Width)",14-HTSSOP
2156-LM2852XMXAX-2.5-ND,LM2852XMXAX-2.5,National Semiconductor,"Rochester Electronics, LLC","SWITCHING REG, VOLTAGE-MODE, 4.9",0,2.04,0,123,Bulk,SIMPLE SWITCHER®,Active,Step-Down,Positive,Buck,Fixed,1,2.85V,5.5V,2.5V,-,2A,1.5MHz,Yes,-40°C ~ 125°C (TJ),Surface Mount,"14-PowerTSSOP (0.173"", 4.40mm Width)",14-HTSSOP
2156-LM2852XMXA-2.5-ND,LM2852XMXA-2.5,National Semiconductor,"Rochester Electronics, LLC","SWITCHING REG, VOLTAGE-MODE, 4.9",0,2.37,0,106,Bulk,SIMPLE SWITCHER®,Active,Step-Down,Positive,Buck,Fixed,1,2.85V,5.5V,2.5V,-,2A,1.5MHz,Yes,-40°C ~ 125°C (TJ),Surface Mount,"14-PowerTSSOP (0.173"", 4.40mm Width)",14-HTSSOP
"296-37447-2-ND,296-37447-1-ND,296-37447-6-ND",TPS54612PWPR,Texas Instruments,Texas Instruments,IC REG BUCK 1.2V 6A 28HTSSOP,"3,000",3.81,0,1,"Tape & Reel (TR),Cut Tape (CT),Digi-Reel®",SWIFT™,Active,Step-Down,Positive,Buck,Fixed,1,3V,6V,1.2V,-,6A,"350kHz, 550kHz",Yes,-40°C ~ 125°C (TJ),Surface Mount,"28-PowerTSSOP (0.173"", 4.40mm Width)",28-HTSSOP
"1589-MPQ9843GLE-5-AEC1-PTR-ND,1589-MPQ9843GLE-5-AEC1-PCT-ND,1589-MPQ9843GLE-5-AEC1-PDKR-ND",MPQ9843GLE-5-AEC1-P,Monolithic Power Systems Inc.,Monolithic Power Systems Inc.,"36V, 3A, LOW IQ, STEP-DOWN CONVE",500,3.99,0,1,"Tape & Reel (TR),Cut Tape (CT),Digi-Reel®","Automotive, AEC-Q100, MPQ",Active,Step-Down,Positive,Buck,Fixed,1,3.3V,36V,5V,-,3A,350kHz ~ 2.5MHz,Yes,-40°C ~ 125°C (TJ),"Surface Mount, Wettable Flank",16-VQFN,16-QFN (3x4)
"1589-MPQ9841GLE-5-AEC1-PTR-ND,1589-MPQ9841GLE-5-AEC1-PCT-ND,1589-MPQ9841GLE-5-AEC1-PDKR-ND",MPQ9841GLE-5-AEC1-P,Monolithic Power Systems Inc.,Monolithic Power Systems Inc.,"36V, 1A, LOW IQ, SYNCHRONOUS STE",500,4.16,0,1,"Tape & Reel (TR),Cut Tape (CT),Digi-Reel®","Automotive, AEC-Q100, MPQ",Active,Step-Down,Positive,Buck,Fixed,1,3.3V,36V,5V,-,1A,350kHz ~ 2.5MHz,Yes,-40°C ~ 125°C (TJ),"Surface Mount, Wettable Flank",16-VQFN,16-QFN (3x4)
"1589-MPQ9840GLE-5-AEC1-PTR-ND,1589-MPQ9840GLE-5-AEC1-PCT-ND,1589-MPQ9840GLE-5-AEC1-PDKR-ND",MPQ9840GLE-5-AEC1-P,Monolithic Power Systems Inc.,Monolithic Power Systems Inc.,"36V, 3.5A, LOW IQ, SYNCHRONOUS S",500,4.19,0,1,"Tape & Reel (TR),Cut Tape (CT),Digi-Reel®","Automotive, AEC-Q100, MPQ",Active,Step-Down,Positive,Buck,Fixed,1,3.3V,36V,5V,-,3.5A,350kHz ~ 2.5MHz,Yes,-40°C ~ 125°C (TJ),"Surface Mount, Wettable Flank",16-VQFN,16-QFN (3x4)
"1589-MPQ9840GLE-33-AEC1-PTR-ND,1589-MPQ9840GLE-33-AEC1-PCT-ND,1589-MPQ9840GLE-33-AEC1-PDKR-ND",MPQ9840GLE-33-AEC1-P,Monolithic Power Systems Inc.,Monolithic Power Systems Inc.,"36V, 3.5A, LOW IQ, SYNCHRONOUS S",500,4.19,0,1,"Tape & Reel (TR),Cut Tape (CT),Digi-Reel®","Automotive, AEC-Q100, MPQ",Active,Step-Down,Positive,Buck,Fixed,1,3.3V,36V,3.3V,-,3.5A,350kHz ~ 2.5MHz,Yes,-40°C ~ 125°C (TJ),"Surface Mount, Wettable Flank",16-VQFN,16-QFN (3x4)
"296-TPS62601YFFTTR-ND,296-TPS62601YFFTCT-ND,296-TPS62601YFFTDKR-ND",TPS62601YFFT,Texas Instruments,Texas Instruments,IC REG BUCK 1.8V 500MA 6DSBGA,470,3.84,0,1,"Tape & Reel (TR),Cut Tape (CT),Digi-Reel®",-,Active,Step-Down,Positive,Buck,Fixed,1,2.3V,5.5V,1.8V,-,500mA,6MHz,Yes,-40°C ~ 85°C (TA),Surface Mount,"6-UFBGA, DSBGA",6-DSBGA
"1589-MPQ4313GRE-33-AEC1-ZTR-ND,1589-MPQ4313GRE-33-AEC1-ZCT-ND",MPQ4313GRE-33-AEC1-Z,Monolithic Power Systems Inc.,Monolithic Power Systems Inc.,"45V, 3A, LOW IQ SYNCHRONOUS STEP","5,000",5.06,0,1,"Tape & Reel (TR),Cut Tape (CT)","Automotive, AEC-Q100",Active,Step-Down,Positive,Buck,Fixed,1,3.3V,45V,3.3V,-,3A,470kHz,Yes,-40°C ~ 150°C (TJ),"Surface Mount, Wettable Flank",20-PowerVFQFN,20-QFN (4x4)
2156-LM2853MH-1.8-ND,LM2853MH-1.8,National Semiconductor,"Rochester Electronics, LLC","SWITCHING REG, VOLTAGE-MODE, 5A,",0,2.78,0,91,Bulk,SIMPLE SWITCHER®,Active,Step-Down,Positive,Buck,Fixed,1,3V,5.5V,1.8V,-,3A,550kHz,Yes,-40°C ~ 125°C (TJ),Surface Mount,"14-PowerTSSOP (0.173"", 4.40mm Width)",14-HTSSOP
175-MAX20029DATIA/V+-ND,MAX20029DATIA/V+,Analog Devices Inc./Maxim Integrated,Analog Devices Inc./Maxim Integrated,TRIPLE PMIC WITH 0.7V OUTPUT,920,3.52,0,1,Tube,"Automotive, AEC-Q100",Active,Step-Down,Positive,Buck,Fixed,3,3V,5.5V,"0.7V, 1.1V, 1.8V",-,"1.5A, 1.5A, 3A",2.2MHz,Yes,-40°C ~ 125°C (TA),Surface Mount,28-WFQFN Exposed Pad,28-TQFN (5x5)
175-MAX20499DAFOA/VY+-ND,MAX20499DAFOA/VY+,Analog Devices Inc./Maxim Integrated,Analog Devices Inc./Maxim Integrated,LV BUCK CONV 12A SOC CORES,970,3.9,0,1,Tray,Automotive,Active,Step-Down,Positive,Buck,Fixed,1,3V,5.5V,0.85V,-,12A,"1.1MHz, 2.2MHz",Yes,-40°C ~ 125°C (TA),"Surface Mount, Wettable Flank",17-PowerWFQFN,17-FC2QFN (3.5x4)
ISL8016IR18Z-ND,ISL8016IR18Z,Renesas Electronics America Inc,Renesas Electronics America Inc,IC REG BUCK 1.8V 6A 20QFN,750,4.27,0,1,Tube,-,Active,Step-Down,Positive,Buck,Fixed,1,2.7V,5.5V,1.8V,-,6A,525kHz ~ 3.9MHz,Yes,-40°C ~ 85°C (TA),Surface Mount,20-VFQFN Exposed Pad,20-QFN (3x4)
175-MAX20008EAFOC/VY+-ND,MAX20008EAFOC/VY+,Analog Devices Inc./Maxim Integrated,Analog Devices Inc./Maxim Integrated,IC CONV STEP DOWN 36V 17QFN,220,5.56,0,1,Tray,"Automotive, AEC-Q100",Active,Step-Down,Positive,Buck,Fixed,1,3.5V,36V,5V,-,8A,220kHz ~ 2.2MHz,Yes,-40°C ~ 125°C,Surface Mount,17-PowerWFQFN,17-FC2QFN (3.5x3.75)
175-MAX20457ATIG/VY+-ND,MAX20457ATIG/VY+,Analog Devices Inc./Maxim Integrated,Analog Devices Inc./Maxim Integrated,36V DUAL 3.5A AND 1.5A SYNC BUCK,213,5.56,0,1,Tube,-,Active,Step-Down,Positive,Buck,Fixed,2,3.5V,36V,"3.3V, 5V",-,-,2.1MHz,Yes,-40°C ~ 125°C,"Surface Mount, Wettable Flank",28-WFQFN Exposed Pad,28-TQFN (5x5)
"893-XC9282B33E1R-GTR-ND,893-XC9282B33E1R-GCT-ND,893-XC9282B33E1R-GDKR-ND",XC9282B33E1R-G,Torex Semiconductor Ltd,Torex Semiconductor Ltd,HISAT-COT CONTROL EXTREMELY SMAL,"4,900",0.97,0,1,"Tape & Reel (TR),Cut Tape (CT),Digi-Reel®",XC9282,Last Time Buy,Step-Down,Positive,Buck,Fixed,1,2.5V,5.5V,3.3V,-,600mA,6MHz,Yes,-40°C ~ 105°C (TA),Surface Mount,6-XFLGA,6-LGA-B01 (1.2x1.2)
"893-XC9281B18E1R-GTR-ND,893-XC9281B18E1R-GCT-ND,893-XC9281B18E1R-GDKR-ND",XC9281B18E1R-G,Torex Semiconductor Ltd,Torex Semiconductor Ltd,HISAT-COT CONTROL EXTREMELY SMAL,"4,990",0.97,0,1,"Tape & Reel (TR),Cut Tape (CT),Digi-Reel®",XC9281,Last Time Buy,Step-Down,Positive,Buck,Fixed,1,2.5V,5.5V,1.8V,-,600mA,6MHz,Yes,-40°C ~ 105°C (TA),Surface Mount,6-XFLGA,6-LGA-B01 (1.2x1.2)
"576-1647-2-ND,576-1647-1-ND,576-1647-6-ND",MIC23050-4YML-TR,Microchip Technology,Microchip Technology,IC REG BUCK 1.2V 600MA 8MLF,"2,317",0.48,0,1,"Tape & Reel (TR),Cut Tape (CT),Digi-Reel®",HyperLight Load®,Active,Step-Down,Positive,Buck,Fixed,1,2.7V,5.5V,1.2V,-,600mA,4MHz,Yes,-40°C ~ 125°C (TJ),Surface Mount,"8-VFDFN Exposed Pad, 8-MLF®",8-MLF® (2x2)
"893-XC9258B33CER-GTR-ND,893-XC9258B33CER-GCT-ND,893-XC9258B33CER-GDKR-ND",XC9258B33CER-G,Torex Semiconductor Ltd,Torex Semiconductor Ltd,1A COT CONTROL SYNCHRONOUS STEP-,"11,406",1.66,0,1,"Tape & Reel (TR),Cut Tape (CT),Digi-Reel®",-,Last Time Buy,Step-Down,Positive,Buck,Fixed,1,2.5V,5.5V,3.3V,-,1A,1.2MHz,Yes,-40°C ~ 105°C (TA),Surface Mount,6-UFDFN Exposed Pad,6-USPC (1.8x2)
"893-XC9258B18CER-GTR-ND,893-XC9258B18CER-GCT-ND,893-XC9258B18CER-GDKR-ND",XC9258B18CER-G,Torex Semiconductor Ltd,Torex Semiconductor Ltd,1A COT CONTROL SYNCHRONOUS STEP-,"5,629",1.66,0,1,"Tape & Reel (TR),Cut Tape (CT),Digi-Reel®",-,Last Time Buy,Step-Down,Positive,Buck,Fixed,1,2.5V,5.5V,1.8V,-,1A,1.2MHz,Yes,-40°C ~ 105°C (TA),Surface Mount,6-UFDFN Exposed Pad,6-USPC (1.8x2)
"150-NX4108-12CZ1TR-ND,150-NX4108-12CZ1CT-ND,150-NX4108-12CZ1DKR-ND",NX4108-12CZ1TR,Microsemi Corporation,Microchip Technology,IC REG BUCK 1.2V 1A SOT23-5,"2,448",0.82,0,1,"Tape & Reel (TR),Cut Tape (CT),Digi-Reel®",-,Obsolete,Step-Down,Positive,Buck,Fixed,1,2.8V,5.5V,1.2V,-,1A,1MHz,Yes,-40°C ~ 150°C (TJ),Surface Mount,"SC-74A, SOT-753",SOT-23-5
"BU90104GWZ-E2TR-ND,BU90104GWZ-E2CT-ND,BU90104GWZ-E2DKR-ND",BU90104GWZ-E2,Rohm Semiconductor,Rohm Semiconductor,IC REG BUCK 1.8V 1A 6UCSP,"2,138",0.83,0,1,"Tape & Reel (TR),Cut Tape (CT),Digi-Reel®",-,Active,Step-Down,Positive,Buck,Fixed,1,2.3V,5.5V,1.8V,-,1A,4.8MHz ~ 6MHz,Yes,-40°C ~ 85°C (TA),Surface Mount,"6-XFBGA, CSPBGA",UCSP35L1
"BU90028NUXTR-ND,BU90028NUXCT-ND,BU90028NUXDKR-ND",BU90028NUX-TR,Rohm Semiconductor,Rohm Semiconductor,IC REG BUCK 1.175V 1.5A 8VSON,"3,887",0.86,0,1,"Tape & Reel (TR),Cut Tape (CT),Digi-Reel®",-,Active,Step-Down,Positive,Buck,Fixed,1,2.3V,5.5V,1.175V,-,1.5A,1MHz,Yes,-40°C ~ 85°C (TA),Surface Mount,8-UFDFN Exposed Pad,VSON008X2030
"FAN5361UC182XTR-ND,FAN5361UC182XCT-ND,FAN5361UC182XDKR-ND",FAN5361UC182X,onsemi,onsemi,IC REG BUCK 1.82V 600MA 6WLCSP,"2,759",0.87,0,1,"Tape & Reel (TR),Cut Tape (CT),Digi-Reel®",-,Active,Step-Down,Positive,Buck,Fixed,1,2.3V,5.5V,1.82V,-,600mA,6MHz,Yes,-40°C ~ 85°C (TA),Surface Mount,"6-UFBGA, WLCSP",6-WLCSP (1.23x0.88)
"893-XC9282B18E1R-GTR-ND,893-XC9282B18E1R-GCT-ND,893-XC9282B18E1R-GDKR-ND",XC9282B18E1R-G,Torex Semiconductor Ltd,Torex Semiconductor Ltd,HISAT-COT CONTROL EXTREMELY SMAL,"4,983",0.97,0,1,"Tape & Reel (TR),Cut Tape (CT),Digi-Reel®",XC9282,Last Time Buy,Step-Down,Positive,Buck,Fixed,1,2.5V,5.5V,1.8V,-,600mA,6MHz,Yes,-40°C ~ 105°C (TA),Surface Mount,6-XFLGA,6-LGA-B01 (1.2x1.2)
"893-XC9281B33E1R-GTR-ND,893-XC9281B33E1R-GCT-ND,893-XC9281B33E1R-GDKR-ND",XC9281B33E1R-G,Torex Semiconductor Ltd,Torex Semiconductor Ltd,HISAT-COT CONTROL EXTREMELY SMAL,"4,840",0.97,0,1,"Tape & Reel (TR),Cut Tape (CT),Digi-Reel®",XC9281,Last Time Buy,Step-Down,Positive,Buck,Fixed,1,2.5V,5.5V,3.3V,-,600mA,6MHz,Yes,-40°C ~ 105°C (TA),Surface Mount,6-XFLGA,6-LGA-B01 (1.2x1.2)
"SC189LSKTR-ND,SC189LSKCT-ND,SC189LSKDKR-ND",SC189LSKTRT,Semtech Corporation,Semtech Corporation,IC REG BUCK 1.8V 1.5A SOT23-5,"1,496",1.12,0,1,"Tape & Reel (TR),Cut Tape (CT),Digi-Reel®",-,Active,Step-Down,Positive,Buck,Fixed,1,2.9V,5.5V,1.8V,-,1.5A,2.5MHz,Yes,-40°C ~ 125°C (TJ),Surface Mount,"SC-74A, SOT-753",SOT-23-5
"576-3015-2-ND,576-3015-1-ND,576-3015-6-ND",MIC23051-CGYML-TR,Microchip Technology,Microchip Technology,IC REG BUCK 1.8V 600MA 8MLF,"2,833",1.14,0,1,"Tape & Reel (TR),Cut Tape (CT),Digi-Reel®",HyperLight Load®,Active,Step-Down,Positive,Buck,Fixed,1,2.7V,5.5V,1.8V,-,600mA,4MHz,Yes,-40°C ~ 125°C (TJ),Surface Mount,"8-VFDFN Exposed Pad, 8-MLF®",8-MLF® (2x2)
"MCP16321T-250E/NGTR-ND,MCP16321T-250E/NGCT-ND,MCP16321T-250E/NGDKR-ND",MCP16321T-250E/NG,Microchip Technology,Microchip Technology,IC REG BUCK 2.5V 1A 16QFN,"1,888",1.17,0,1,"Tape & Reel (TR),Cut Tape (CT),Digi-Reel®",-,Obsolete,Step-Down,Positive,Buck,Fixed,1,6V,24V,2.5V,-,1A,1MHz,Yes,-40°C ~ 125°C (TJ),Surface Mount,16-VFQFN Exposed Pad,16-QFN (3x3)
"BU90007GWZ-E2TR-ND,BU90007GWZ-E2CT-ND,BU90007GWZ-E2DKR-ND",BU90007GWZ-E2,Rohm Semiconductor,Rohm Semiconductor,IC REG BUCK 1.25V 1A 6UCSP,"2,838",1.18,0,1,"Tape & Reel (TR),Cut Tape (CT),Digi-Reel®",-,Active,Step-Down,Positive,Buck,Fixed,1,2.3V,5.5V,1.25V,-,1A,4MHz,Yes,-40°C ~ 85°C (TA),Surface Mount,"6-XFBGA, CSPBGA",UCSP35L1
"FAN5361UMP182XTR-ND,FAN5361UMP182XCT-ND,FAN5361UMP182XDKR-ND",FAN5361UMP182X,onsemi,onsemi,IC REG BUCK 1.82V 600MA 6UMLP,"2,630",1.19,0,1,"Tape & Reel (TR),Cut Tape (CT),Digi-Reel®",-,Active,Step-Down,Positive,Buck,Fixed,1,2.3V,5.5V,1.82V,-,600mA,6MHz,Yes,-40°C ~ 85°C (TA),Surface Mount,6-UDFN Exposed Pad,6-UMLP (2x2)
"SC189LULTRTTR-ND,SC189LULTRTCT-ND,SC189LULTRTDKR-ND",SC189LULTRT,Semtech Corporation,Semtech Corporation,IC REG BUCK 1.8V 1.5A 6MLPD,"2,232",1.19,0,1,"Tape & Reel (TR),Cut Tape (CT),Digi-Reel®",-,Active,Step-Down,Positive,Buck,Fixed,1,2.9V,5.5V,1.8V,-,1.5A,2.5MHz,Yes,-40°C ~ 125°C (TJ),Surface Mount,6-UFDFN Exposed Pad,6-MLPD-UT (2x2)
"BU90054GWZ-E2TR-ND,BU90054GWZ-E2CT-ND,BU90054GWZ-E2DKR-ND",BU90054GWZ-E2,Rohm Semiconductor,Rohm Semiconductor,IC REG BUCK 1.8V 1A UCSP30L1,"2,850",1.2,0,1,"Tape & Reel (TR),Cut Tape (CT),Digi-Reel®",-,Active,Step-Down,Positive,Buck,Fixed,1,2.3V,5.5V,1.8V,-,1A,4.8MHz ~ 6MHz,Yes,-40°C ~ 85°C (TA),Surface Mount,"6-XFBGA, CSPBGA",UCSP30L1
"BD9859EFJ-E2TR-ND,BD9859EFJ-E2CT-ND,BD9859EFJ-E2DKR-ND",BD9859EFJ-E2,Rohm Semiconductor,Rohm Semiconductor,IC REG BUCK 1V 3A 8HTSOP-J,"1,708",1.25,0,1,"Tape & Reel (TR),Cut Tape (CT),Digi-Reel®",-,Active,Step-Down,Positive,Buck,Fixed,1,5V,14V,1V,-,3A,750kHz,Yes,-40°C ~ 85°C (TA),Surface Mount,"8-SOIC (0.154"", 3.90mm Width) Exposed Pad",8-HTSOP-J
"893-XC9276D2540R-GTR-ND,893-XC9276D2540R-GCT-ND,893-XC9276D2540R-GDKR-ND",XC9276D2540R-G,Torex Semiconductor Ltd,Torex Semiconductor Ltd,200NA ULTRA-LOW IQ BUCK CONVERTE,"4,806",1.31,0,1,"Tape & Reel (TR),Cut Tape (CT),Digi-Reel®",XC9276,Active,Step-Down,Positive,Buck,Fixed,2,1.8V,6V,"0.8V, 1.8V",-,150mA,-,Yes,-40°C ~ 85°C (TA),Surface Mount,"6-XFBGA, WLBGA",WLP-6-03 (1.07x1.72)
"893-1115-2-ND,893-1115-1-ND,893-1115-6-ND",XC9236A12CMR-G,Torex Semiconductor Ltd,Torex Semiconductor Ltd,IC REG BUCK 1.2V 600MA SOT25,"1,940",1.32,0,1,"Tape & Reel (TR),Cut Tape (CT),Digi-Reel®",-,Active,Step-Down,Positive,Buck,Fixed,1,2V,6V,1.2V,-,600mA,1.2MHz,Yes,-40°C ~ 85°C (TA),Surface Mount,"SC-74A, SOT-753",SOT-25-5
"296-LM3670MF-1.875/NOPBTR-ND,296-LM3670MF-1.875/NOPBCT-ND,296-LM3670MF-1.875/NOPBDKR-ND",LM3670MF-1.875/NOPB,Texas Instruments,Texas Instruments,IC REG BUCK 1.875V 350MA SOT23-5,"1,747",1.32,0,1,"Tape & Reel (TR),Cut Tape (CT),Digi-Reel®",-,Active,Step-Down,Positive,Buck,Fixed,1,2.5V,5.5V,1.875V,-,350mA,1MHz,Yes,-40°C ~ 85°C (TA),Surface Mount,"SC-74A, SOT-753",SOT-23-5
"LM3670MF-1.5/NOPBTR-ND,LM3670MF-1.5/NOPBCT-ND,LM3670MF-1.5/NOPBDKR-ND",LM3670MF-1.5/NOPB,Texas Instruments,Texas Instruments,IC REG BUCK 1.5V 350MA SOT23-5,"1,293",1.32,0,1,"Tape & Reel (TR),Cut Tape (CT),Digi-Reel®",-,Active,Step-Down,Positive,Buck,Fixed,1,2.5V,5.5V,1.5V,-,350mA,1MHz,Yes,-40°C ~ 85°C (TA),Surface Mount,"SC-74A, SOT-753",SOT-23-5
"576-3719-2-ND,576-3719-1-ND,576-3719-6-ND",MIC33030-4YHJ-TR,Microchip Technology,Microchip Technology,IC REG BUCK 1.2V 400MA 10MLF,"3,699",1.38,0,1,"Tape & Reel (TR),Cut Tape (CT),Digi-Reel®",HyperLight Load®,Active,Step-Down,Positive,Buck,Fixed,1,2.7V,5.5V,1.2V,-,400mA,8MHz,Yes,-40°C ~ 125°C (TJ),Surface Mount,"10-PowerTFDFN, 10-MLF®",10-MLF® (2.5x2)
"LM3673TLX-1.8/NOPBTR-ND,LM3673TLX-1.8/NOPBCT-ND,LM3673TLX-1.8/NOPBDKR-ND",LM3673TLX-1.8/NOPB,Texas Instruments,Texas Instruments,IC REG BUCK 1.8V 350MA 5DSBGA,"2,861",1.39,0,1,"Tape & Reel (TR),Cut Tape (CT),Digi-Reel®",-,Active,Step-Down,Positive,Buck,Fixed,1,2.7V,5.5V,1.8V,-,350mA,2MHz,Yes,-30°C ~ 85°C (TA),Surface Mount,"5-WFBGA, DSBGA",5-DSBGA (1.41x1.08)
"296-TPS628600YCHRTR-ND,296-TPS628600YCHRCT-ND,296-TPS628600YCHRDKR-ND",TPS628600YCHR,Texas Instruments,Texas Instruments,"1.8-V TO 5.5-V INPUT, TINY, 0.6-","11,472",1.4,0,1,"Tape & Reel (TR),Cut Tape (CT),Digi-Reel®",-,Active,Step-Down,Positive,Buck,Fixed,1,1.8V,5.5V,"0.6V, 1.1V",-,600mA,1.5MHz,Yes,-40°C ~ 125°C (TJ),Surface Mount,"8-XFBGA, DSBGA",8-DSBGA (0.66x1.36)
"MCP16323T-150E/NGTR-ND,MCP16323T-150E/NGCT-ND,MCP16323T-150E/NGDKR-ND",MCP16323T-150E/NG,Microchip Technology,Microchip Technology,IC REG BUCK 1.5V 3A 16QFN,"3,279",1.43,0,1,"Tape & Reel (TR),Cut Tape (CT),Digi-Reel®",-,Obsolete,Step-Down,Positive,Buck,Fixed,1,6V,18V,1.5V,-,3A,1MHz,Yes,-40°C ~ 125°C (TJ),Surface Mount,16-VFQFN Exposed Pad,16-QFN (3x3)
"296-27027-2-ND,296-27027-1-ND,296-27027-6-ND",TPS62207DBVR,Texas Instruments,Texas Instruments,IC REG BUCK 1.2V 300MA SOT23-5,"3,543",1.46,0,1,"Tape & Reel (TR),Cut Tape (CT),Digi-Reel®",-,Active,Step-Down,Positive,Buck,Fixed,1,2.5V,6V,1.2V,-,300mA,1MHz,Yes,-40°C ~ 85°C (TA),Surface Mount,"SC-74A, SOT-753",SOT-23-5
"1662-3380-2-ND,1662-3380-1-ND,1662-3380-6-ND",S-85V1AB11-I6T1U,ABLIC Inc.,ABLIC Inc.,IC REG BUCK 1.1V 200MA SNT-6A,"4,990",1.49,0,1,"Tape & Reel (TR),Cut Tape (CT),Digi-Reel®",-,Active,Step-Down,Positive,Buck,Fixed,1,2.2V,5.5V,1.1V,-,200mA,1MHz,Yes,-40°C ~ 85°C (TA),Surface Mount,"6-SMD, Flat Leads",SNT-6A
"296-TPS622317DRYRTR-ND,296-TPS622317DRYRCT-ND,296-TPS622317DRYRDKR-ND",TPS622317DRYR,Texas Instruments,Texas Instruments,IC REG BUCK 2.9V 500MA 6SON,"3,412",1.5,0,1,"Tape & Reel (TR),Cut Tape (CT),Digi-Reel®",-,Active,Step-Down,Positive,Buck,Fixed,1,2.05V,6V,2.9V,-,500mA,3MHz,Yes,-40°C ~ 125°C (TJ),Surface Mount,6-UFDFN,6-SON (1.45x1)
"MCP16321T-150E/NGTR-ND,MCP16321T-150E/NGCT-ND,MCP16321T-150E/NGDKR-ND",MCP16321T-150E/NG,Microchip Technology,Microchip Technology,IC REG BUCK 1.5V 1A 16QFN,"3,231",1.5,0,1,"Tape & Reel (TR),Cut Tape (CT),Digi-Reel®",-,Obsolete,Step-Down,Positive,Buck,Fixed,1,6V,24V,1.5V,-,1A,1MHz,Yes,-40°C ~ 125°C (TJ),Surface Mount,16-VFQFN Exposed Pad,16-QFN (3x3)
"296-41857-2-ND,296-41857-1-ND,296-41857-6-ND",TPS62234DRYR,Texas Instruments,Texas Instruments,IC REG BUCK 2.1V 500MA 6SON,"3,058",1.5,0,1,"Tape & Reel (TR),Cut Tape (CT),Digi-Reel®",-,Active,Step-Down,Positive,Buck,Fixed,1,2.05V,6V,2.1V,-,500mA,3MHz,Yes,-40°C ~ 125°C (TJ),Surface Mount,6-UFDFN,6-SON (1.45x1)
"893-1304-2-ND,893-1304-1-ND,893-1304-6-ND",XC9265C181MR-G,Torex Semiconductor Ltd,Torex Semiconductor Ltd,IC REG BUCK 1.8V 200MA SOT25-5,"2,977",1.53,0,1,"Tape & Reel (TR),Cut Tape (CT),Digi-Reel®",-,Active,Step-Down,Positive,Buck,Fixed,1,2V,6V,1.8V,-,200mA,-,Yes,-40°C ~ 85°C (TA),Surface Mount,"SC-74A, SOT-753",SOT-25-5
"LM3670MF-1.8/NOPBTR-ND,LM3670MF-1.8/NOPBCT-ND,LM3670MF-1.8/NOPBDKR-ND",LM3670MF-1.8/NOPB,Texas Instruments,Texas Instruments,IC REG BUCK 1.8V 350MA SOT23-5,"2,815",1.58,0,1,"Tape & Reel (TR),Cut Tape (CT),Digi-Reel®",-,Active,Step-Down,Positive,Buck,Fixed,1,2.5V,5.5V,1.8V,-,350mA,1MHz,Yes,-40°C ~ 85°C (TA),Surface Mount,"SC-74A, SOT-753",SOT-23-5
"296-TPS62615YFDTTR-ND,296-TPS62615YFDTCT-ND,296-TPS62615YFDTDKR-ND",TPS62615YFDT,Texas Instruments,Texas Instruments,IC REG BUCK 1.2V 350MA 6DSBGA,"1,458",1.58,0,1,"Tape & Reel (TR),Cut Tape (CT),Digi-Reel®",-,Active,Step-Down,Positive,Buck,Fixed,1,2.3V,5.5V,1.2V,-,350mA,6MHz,Yes,-40°C ~ 85°C (TA),Surface Mount,"6-XFBGA, DSBGA",6-DSBGA
"296-27850-2-ND,296-27850-1-ND,296-27850-6-ND",TPS622316DRYT,Texas Instruments,Texas Instruments,IC REG BUCK 2.7V 500MA 6SON,"1,037",1.61,0,1,"Tape & Reel (TR),Cut Tape (CT),Digi-Reel®",-,Active,Step-Down,Positive,Buck,Fixed,1,2.05V,6V,2.7V,-,500mA,3MHz,Yes,-40°C ~ 125°C (TJ),Surface Mount,6-UFDFN,6-SON (1.45x1)
"LM3676SD-3.3/NOPBTR-ND,LM3676SD-3.3/NOPBCT-ND,LM3676SD-3.3/NOPBDKR-ND",LM3676SD-3.3/NOPB,Texas Instruments,Texas Instruments,IC REG BUCK 3.3V 600MA 8WSON,"2,028",1.62,0,1,"Tape & Reel (TR),Cut Tape (CT),Digi-Reel®",-,Active,Step-Down,Positive,Buck,Fixed,1,2.9V,5.5V,3.3V,-,600mA,2MHz,Yes,-30°C ~ 85°C (TA),Surface Mount,8-WFDFN Exposed Pad,8-WSON (3x3)
"296-LM3671MF-1.375/NOPBTR-ND,296-LM3671MF-1.375/NOPBCT-ND,296-LM3671MF-1.375/NOPBDKR-ND",LM3671MF-1.375/NOPB,Texas Instruments,Texas Instruments,IC REG BUCK 1.375V 600MA SOT23-5,"1,876",1.62,0,1,"Tape & Reel (TR),Cut Tape (CT),Digi-Reel®",-,Active,Step-Down,Positive,Buck,Fixed,1,2.7V,5.5V,1.375V,-,600mA,2MHz,Yes,-40°C ~ 85°C (TA),Surface Mount,"SC-74A, SOT-753",SOT-23-5
"296-52022-2-ND,296-52022-1-ND,296-52022-6-ND",TPS62244QDDCRQ1,Texas Instruments,Texas Instruments,IC REG BUCK 1.25V 300MA SOT23-5,"1,878",1.63,0,1,"Tape & Reel (TR),Cut Tape (CT),Digi-Reel®","Automotive, AEC-Q100",Active,Step-Down,Positive,Buck,Fixed,1,2V,6V,1.25V,-,300mA,2.25MHz,Yes,-40°C ~ 125°C (TJ),Surface Mount,"SOT-23-5 Thin, TSOT-23-5",SOT-23-THIN
"MCP16323T-250E/NGTR-ND,MCP16323T-250E/NGCT-ND,MCP16323T-250E/NGDKR-ND",MCP16323T-250E/NG,Microchip Technology,Microchip Technology,IC REG BUCK 2.5V 3A 16QFN,"3,294",1.67,0,1,"Tape & Reel (TR),Cut Tape (CT),Digi-Reel®",-,Obsolete,Step-Down,Positive,Buck,Fixed,1,6V,18V,2.5V,-,3A,1MHz,Yes,-40°C ~ 125°C (TJ),Surface Mount,16-VFQFN Exposed Pad,16-QFN (3x3)
"MCP16323T-180E/NGTR-ND,MCP16323T-180E/NGCT-ND,MCP16323T-180E/NGDKR-ND",MCP16323T-180E/NG,Microchip Technology,Microchip Technology,IC REG BUCK 1.8V 3A 16QFN,"3,238",1.67,0,1,"Tape & Reel (TR),Cut Tape (CT),Digi-Reel®",-,Obsolete,Step-Down,Positive,Buck,Fixed,1,6V,18V,1.8V,-,3A,1MHz,Yes,-40°C ~ 125°C (TJ),Surface Mount,16-VFQFN Exposed Pad,16-QFN (3x3)
"MCP16322T-180E/NGTR-ND,MCP16322T-180E/NGCT-ND,MCP16322T-180E/NGDKR-ND",MCP16322T-180E/NG,Microchip Technology,Microchip Technology,IC REG BUCK 1.8V 2A 16QFN,"5,825",1.69,0,1,"Tape & Reel (TR),Cut Tape (CT),Digi-Reel®",-,Obsolete,Step-Down,Positive,Buck,Fixed,1,6V,24V,1.8V,-,2A,1MHz,Yes,-40°C ~ 125°C (TJ),Surface Mount,16-VFQFN Exposed Pad,16-QFN (3x3)
"1662-S-85S1AB28-I6T1UTR-ND,1662-S-85S1AB28-I6T1UCT-ND,1662-S-85S1AB28-I6T1UDKR-ND",S-85S1AB28-I6T1U,ABLIC Inc.,ABLIC Inc.,SWITCHING REGULATOR,"4,980",1.69,0,1,"Tape & Reel (TR),Cut Tape (CT),Digi-Reel®",S-85S1A,Active,Step-Down,Positive,Buck,Fixed,1,2.2V,5.5V,2.8V,-,200mA,1MHz,Yes,-40°C ~ 85°C (TA),Surface Mount,"6-SMD, Flat Leads",SNT-6A
"1662-3355-2-ND,1662-3355-1-ND,1662-3355-6-ND",S-85S0AB11-I6T1U,ABLIC Inc.,ABLIC Inc.,IC REG BUCK 1.1V 50MA SNT-6A,"4,994",1.69,0,1,"Tape & Reel (TR),Cut Tape (CT),Digi-Reel®",S-85S0A,Active,Step-Down,Positive,Buck,Fixed,1,2.2V,5.5V,1.1V,-,50mA,-,Yes,-40°C ~ 85°C (TA),Surface Mount,"6-SMD, Flat Leads",SNT-6A
"1662-3357-2-ND,1662-3357-1-ND,1662-3357-6-ND",S-85S1AB10-I6T1U,ABLIC Inc.,ABLIC Inc.,IC REG BUCK 1V 200MA SNT-6A,"4,985",1.69,0,1,"Tape & Reel (TR),Cut Tape (CT),Digi-Reel®",S-85S1A,Active,Step-Down,Positive,Buck,Fixed,1,2.2V,5.5V,1V,-,200mA,1MHz,Yes,-40°C ~ 85°C (TA),Surface Mount,"6-SMD, Flat Leads",SNT-6A
"1662-3360-2-ND,1662-3360-1-ND,1662-3360-6-ND",S-85S1AB15-I6T1U,ABLIC Inc.,ABLIC Inc.,IC REG BUCK 1.5V 200MA SNT-6A,"4,980",1.69,0,1,"Tape & Reel (TR),Cut Tape (CT),Digi-Reel®",S-85S1A,Active,Step-Down,Positive,Buck,Fixed,1,2.2V,5.5V,1.5V,-,200mA,1MHz,Yes,-40°C ~ 85°C (TA),Surface Mount,"6-SMD, Flat Leads",SNT-6A
"1662-3363-2-ND,1662-3363-1-ND,1662-3363-6-ND",S-85S1AB23-I6T1U,ABLIC Inc.,ABLIC Inc.,IC REG BUCK 2.3V 200MA SNT-6A,"4,979",1.69,0,1,"Tape & Reel (TR),Cut Tape (CT),Digi-Reel®",S-85S1A,Active,Step-Down,Positive,Buck,Fixed,1,2.2V,5.5V,2.3V,-,200mA,1MHz,Yes,-40°C ~ 85°C (TA),Surface Mount,"6-SMD, Flat Leads",SNT-6A
"1662-3383-2-ND,1662-3383-1-ND,1662-3383-6-ND",S-85S1AB19-I6T1U,ABLIC Inc.,ABLIC Inc.,IC REG BUCK 1.9V 200MA SNT-6A,"4,979",1.69,0,1,"Tape & Reel (TR),Cut Tape (CT),Digi-Reel®",S-85S1A,Active,Step-Down,Positive,Buck,Fixed,1,2.2V,5.5V,1.9V,-,200mA,1MHz,Yes,-40°C ~ 85°C (TA),Surface Mount,"6-SMD, Flat Leads",SNT-6A
"1662-3335-2-ND,1662-3335-1-ND,1662-3335-6-ND",S-85S0AB30-I6T1U,ABLIC Inc.,ABLIC Inc.,IC REG BUCK 3V 50MA SNT-6A,"4,910",1.69,0,1,"Tape & Reel (TR),Cut Tape (CT),Digi-Reel®",S-85S0A,Active,Step-Down,Positive,Buck,Fixed,1,2.2V,5.5V,3V,-,50mA,-,Yes,-40°C ~ 85°C (TA),Surface Mount,"6-SMD, Flat Leads",SNT-6A
"1662-3364-2-ND,1662-3364-1-ND,1662-3364-6-ND",S-85S1AB25-I6T1U,ABLIC Inc.,ABLIC Inc.,IC REG BUCK 2.5V 200MA SNT-6A,"4,878",1.69,0,1,"Tape & Reel (TR),Cut Tape (CT),Digi-Reel®",S-85S1A,Active,Step-Down,Positive,Buck,Fixed,1,2.2V,5.5V,2.5V,-,200mA,1MHz,Yes,-40°C ~ 85°C (TA),Surface Mount,"6-SMD, Flat Leads",SNT-6A
"1662-3336-2-ND,1662-3336-1-ND,1662-3336-6-ND",S-85S1AB22-I6T1U,ABLIC Inc.,ABLIC Inc.,IC REG BUCK 2.2V 200MA SNT-6A,"4,860",1.69,0,1,"Tape & Reel (TR),Cut Tape (CT),Digi-Reel®",S-85S1A,Active,Step-Down,Positive,Buck,Fixed,1,2.2V,5.5V,2.2V,-,200mA,1MHz,Yes,-40°C ~ 85°C (TA),Surface Mount,"6-SMD, Flat Leads",SNT-6A
"1662-3358-2-ND,1662-3358-1-ND,1662-3358-6-ND",S-85S1AB11-I6T1U,ABLIC Inc.,ABLIC Inc.,IC REG BUCK 1.1V 200MA SNT-6A,"4,856",1.69,0,1,"Tape & Reel (TR),Cut Tape (CT),Digi-Reel®",S-85S1A,Active,Step-Down,Positive,Buck,Fixed,1,2.2V,5.5V,1.1V,-,200mA,1MHz,Yes,-40°C ~ 85°C (TA),Surface Mount,"6-SMD, Flat Leads",SNT-6A
"1662-3359-2-ND,1662-3359-1-ND,1662-3359-6-ND",S-85S1AB12-I6T1U,ABLIC Inc.,ABLIC Inc.,IC REG BUCK 1.2V 200MA SNT-6A,"4,833",1.69,0,1,"Tape & Reel (TR),Cut Tape (CT),Digi-Reel®",S-85S1A,Active,Step-Down,Positive,Buck,Fixed,1,2.2V,5.5V,1.2V,-,200mA,1MHz,Yes,-40°C ~ 85°C (TA),Surface Mount,"6-SMD, Flat Leads",SNT-6A
"1662-3362-2-ND,1662-3362-1-ND,1662-3362-6-ND",S-85S1AB20-I6T1U,ABLIC Inc.,ABLIC Inc.,IC REG BUCK 2V 200MA SNT-6A,"4,036",1.69,0,1,"Tape & Reel (TR),Cut Tape (CT),Digi-Reel®",S-85S1A,Active,Step-Down,Positive,Buck,Fixed,1,2.2V,5.5V,2V,-,200mA,1MHz,Yes,-40°C ~ 85°C (TA),Surface Mount,"6-SMD, Flat Leads",SNT-6A
"1662-3365-2-ND,1662-3365-1-ND,1662-3365-6-ND",S-85S1AB30-I6T1U,ABLIC Inc.,ABLIC Inc.,IC REG BUCK 3V 200MA SNT-6A,"3,813",1.69,0,1,"Tape & Reel (TR),Cut Tape (CT),Digi-Reel®",S-85S1A,Active,Step-Down,Positive,Buck,Fixed,1,2.2V,5.5V,3V,-,200mA,1MHz,Yes,-40°C ~ 85°C (TA),Surface Mount,"6-SMD, Flat Leads",SNT-6A
"MCP16322T-250E/NGTR-ND,MCP16322T-250E/NGCT-ND,MCP16322T-250E/NGDKR-ND",MCP16322T-250E/NG,Microchip Technology,Microchip Technology,IC REG BUCK 2.5V 2A 16QFN,"3,283",1.69,0,1,"Tape & Reel (TR),Cut Tape (CT),Digi-Reel®",-,Obsolete,Step-Down,Positive,Buck,Fixed,1,6V,24V,2.5V,-,2A,1MHz,Yes,-40°C ~ 125°C (TJ),Surface Mount,16-VFQFN Exposed Pad,16-QFN (3x3)
"1662-3366-2-ND,1662-3366-1-ND,1662-3366-6-ND",S-85S1AB33-I6T1U,ABLIC Inc.,ABLIC Inc.,IC REG BUCK 3.3V 200MA SNT-6A,"3,271",1.69,0,1,"Tape & Reel (TR),Cut Tape (CT),Digi-Reel®",S-85S1A,Active,Step-Down,Positive,Buck,Fixed,1,2.2V,5.5V,3.3V,-,200mA,1MHz,Yes,-40°C ~ 85°C (TA),Surface Mount,"6-SMD, Flat Leads",SNT-6A
"MCP16322T-150E/NGTR-ND,MCP16322T-150E/NGCT-ND,MCP16322T-150E/NGDKR-ND",MCP16322T-150E/NG,Microchip Technology,Microchip Technology,IC REG BUCK 1.5V 2A 16QFN,"3,255",1.69,0,1,"Tape & Reel (TR),Cut Tape (CT),Digi-Reel®",-,Obsolete,Step-Down,Positive,Buck,Fixed,1,6V,24V,1.5V,-,2A,1MHz,Yes,-40°C ~ 125°C (TJ),Surface Mount,16-VFQFN Exposed Pad,16-QFN (3x3)
"1662-3356-2-ND,1662-3356-1-ND,1662-3356-6-ND",S-85S1AB07-I6T1U,ABLIC Inc.,ABLIC Inc.,IC REG BUCK 0.7V 200MA SNT-6A,"2,982",1.69,0,1,"Tape & Reel (TR),Cut Tape (CT),Digi-Reel®",S-85S1A,Active,Step-Down,Positive,Buck,Fixed,1,2.2V,5.5V,0.7V,-,200mA,1MHz,Yes,-40°C ~ 85°C (TA),Surface Mount,"6-SMD, Flat Leads",SNT-6A
"576-3352-2-ND,576-3352-1-ND,576-3352-6-ND",MIC23150-4YMT-TR,Microchip Technology,Microchip Technology,IC REG BUCK 1.2V 2A 8MLF,"2,585",1.69,0,1,"Tape & Reel (TR),Cut Tape (CT),Digi-Reel®",HyperLight Load®,Active,Step-Down,Positive,Buck,Fixed,1,2.7V,5.5V,1.2V,-,2A,4MHz,Yes,-40°C ~ 125°C (TJ),Surface Mount,8-UFDFN,8-TDFN (2x2)
"296-49331-2-ND,296-49331-1-ND,296-49331-6-ND",TPS62082DSGR,Texas Instruments,Texas Instruments,IC REG BUCK 3.3V 1.2A 8WSON,"2,380",1.73,0,1,"Tape & Reel (TR),Cut Tape (CT),Digi-Reel®",DCS-Control™,Active,Step-Down,Positive,Buck,Fixed,1,2.3V,6V,3.3V,-,1.2A,2MHz,Yes,-40°C ~ 85°C (TA),Surface Mount,8-WFDFN Exposed Pad,8-WSON (2x2)
"296-46472-2-ND,296-46472-1-ND,296-46472-6-ND",TPS62081DSGR,Texas Instruments,Texas Instruments,IC REG BUCK 1.8V 1.2A 8WSON,"2,359",1.73,0,1,"Tape & Reel (TR),Cut Tape (CT),Digi-Reel®",DCS-Control™,Active,Step-Down,Positive,Buck,Fixed,1,2.3V,6V,1.8V,-,1.2A,2MHz,Yes,-40°C ~ 85°C (TA),Surface Mount,8-WFDFN Exposed Pad,8-WSON (2x2)
"LM3671MF-1.25/NOPBTR-ND,LM3671MF-1.25/NOPBCT-ND,LM3671MF-1.25/NOPBDKR-ND",LM3671MF-1.25/NOPB,Texas Instruments,Texas Instruments,IC REG BUCK 1.25V 600MA SOT23-5,"1,882",1.74,0,1,"Tape & Reel (TR),Cut Tape (CT),Digi-Reel®",-,Active,Step-Down,Positive,Buck,Fixed,1,2.7V,5.5V,1.25V,-,600mA,2MHz,Yes,-40°C ~ 85°C (TA),Surface Mount,"SC-74A, SOT-753",SOT-23-5
"LM3671MF-2.5/NOPBTR-ND,LM3671MF-2.5/NOPBCT-ND,LM3671MF-2.5/NOPBDKR-ND",LM3671MF-2.5/NOPB,Texas Instruments,Texas Instruments,IC REG BUCK 2.5V 600MA SOT23-5,"1,602",1.74,0,1,"Tape & Reel (TR),Cut Tape (CT),Digi-Reel®",-,Active,Step-Down,Positive,Buck,Fixed,1,2.7V,5.5V,2.5V,-,600mA,2MHz,Yes,-40°C ~ 85°C (TA),Surface Mount,"SC-74A, SOT-753",SOT-23-5
"893-1226-2-ND,893-1226-1-ND,893-1226-6-ND",XC9261B18DER-G,Torex Semiconductor Ltd,Torex Semiconductor Ltd,IC REG BUCK 1.8V 1.5A 6USPC,"3,142",1.76,0,1,"Tape & Reel (TR),Cut Tape (CT),Digi-Reel®",-,Last Time Buy,Step-Down,Positive,Buck,Fixed,1,2.7V,5.5V,1.8V,-,1.5A,3MHz,Yes,-40°C ~ 105°C (TA),Surface Mount,6-UFDFN Exposed Pad,6-USPC (1.8x2)
"296-LM3691TLX-3.3/NOPBTR-ND,296-LM3691TLX-3.3/NOPBCT-ND,296-LM3691TLX-3.3/NOPBDKR-ND",LM3691TLX-3.3/NOPB,Texas Instruments,Texas Instruments,IC REG BUCK 3.3V 1A 6DSBGA,"2,266",1.79,0,1,"Tape & Reel (TR),Cut Tape (CT),Digi-Reel®",-,Active,Step-Down,Positive,Buck,Fixed,1,2.3V,5.5V,3.3V,-,1A,4MHz,Yes,-30°C ~ 85°C (TA),Surface Mount,"6-WFBGA, DSBGA",6-DSBGA (1.5x1.3)
"LM3370SD-3021/NOPBTR-ND,LM3370SD-3021/NOPBCT-ND,LM3370SD-3021/NOPBDKR-ND",LM3370SD-3021/NOPB,Texas Instruments,Texas Instruments,IC REG BUCK 1.2V/3.3V DL 16WSON,"1,087",1.82,0,1,"Tape & Reel (TR),Cut Tape (CT),Digi-Reel®",-,Active,Step-Down,Positive,Buck,Fixed,2,2.7V,5.5V,"1.2V, 3.3V",-,600mA,2MHz,Yes,-30°C ~ 85°C (TA),Surface Mount,16-WFDFN Exposed Pad,16-WSON (5x4)
"ADP2108ACBZ-1.0-R7TR-ND,ADP2108ACBZ-1.0-R7CT-ND,ADP2108ACBZ-1.0-R7DKR-ND",ADP2108ACBZ-1.0-R7,Analog Devices Inc.,Analog Devices Inc.,IC REG BUCK 1V 600MA 5WLCSP,"3,000",1.83,0,1,"Tape & Reel (TR),Cut Tape (CT),Digi-Reel®",-,Active,Step-Down,Positive,Buck,Fixed,1,2.3V,5.5V,1V,-,600mA,3MHz,Yes,-40°C ~ 125°C (TA),Surface Mount,"5-WFBGA, WLCSP",5-WLCSP (1.02x1.45)
"ADP2108ACBZ-2.5-R7TR-ND,ADP2108ACBZ-2.5-R7CT-ND,ADP2108ACBZ-2.5-R7DKR-ND",ADP2108ACBZ-2.5-R7,Analog Devices Inc.,Analog Devices Inc.,IC REG BUCK 2.5V 600MA 5WLCSP,"2,938",1.83,0,1,"Tape & Reel (TR),Cut Tape (CT),Digi-Reel®",-,Active,Step-Down,Positive,Buck,Fixed,1,2.3V,5.5V,2.5V,-,600mA,3MHz,Yes,-40°C ~ 125°C (TA),Surface Mount,"5-WFBGA, WLCSP",5-WLCSP (1.02x1.45)
"497-ST1S15J18RTR-ND,497-ST1S15J18RCT-ND,497-ST1S15J18RDKR-ND",ST1S15J18R,STMicroelectronics,STMicroelectronics,IC REG BCK 1.82V 500MA 6FLIPCHIP,"4,857",1.88,0,1,"Tape & Reel (TR),Cut Tape (CT),Digi-Reel®",-,Active,Step-Down,Positive,Buck,Fixed,1,2.3V,5.5V,1.82V,-,500mA,6MHz,Yes,-40°C ~ 85°C (TA),Surface Mount,"6-UFBGA, FCBGA",6-FlipChip (1.19x0.94)
"1662-3370-2-ND,1662-3370-1-ND,1662-3370-6-ND",S-85S1PC28-I8T1U,ABLIC Inc.,ABLIC Inc.,IC REG BUCK 2.8V 200MA SNT-8A,"4,976",1.9,0,1,"Tape & Reel (TR),Cut Tape (CT),Digi-Reel®",S-85S1PC,Active,Step-Down,Positive,Buck,Fixed,1,2.2V,5.5V,2.8V,-,200mA,1MHz,Yes,-40°C ~ 85°C (TA),Surface Mount,"8-SMD, Flat Lead",SNT-8A
"1662-3337-2-ND,1662-3337-1-ND,1662-3337-6-ND",S-85S1PD22-I8T1U,ABLIC Inc.,ABLIC Inc.,IC REG BUCK 2.2V 200MA SNT-8A,"4,985",1.9,0,1,"Tape & Reel (TR),Cut Tape (CT),Digi-Reel®",S-85S1PD,Active,Step-Down,Positive,Buck,Fixed,1,2.2V,5.5V,2.2V,-,200mA,1MHz,Yes,-40°C ~ 85°C (TA),Surface Mount,"8-SMD, Flat Lead",SNT-8A
"1662-3377-2-ND,1662-3377-1-ND,1662-3377-6-ND",S-85S1PD28-I8T1U,ABLIC Inc.,ABLIC Inc.,IC REG BUCK 2.8V 200MA SNT-8A,"4,981",1.9,0,1,"Tape & Reel (TR),Cut Tape (CT),Digi-Reel®",S-85S1PD,Active,Step-Down,Positive,Buck,Fixed,1,2.2V,5.5V,2.8V,-,200mA,1MHz,Yes,-40°C ~ 85°C (TA),Surface Mount,"8-SMD, Flat Lead",SNT-8A
"1662-3374-2-ND,1662-3374-1-ND,1662-3374-6-ND",S-85S1PD21-I8T1U,ABLIC Inc.,ABLIC Inc.,IC REG BUCK 2.1V 200MA SNT-8A,"4,979",1.9,0,1,"Tape & Reel (TR),Cut Tape (CT),Digi-Reel®",S-85S1PD,Active,Step-Down,Positive,Buck,Fixed,1,2.2V,5.5V,2.1V,-,200mA,1MHz,Yes,-40°C ~ 85°C (TA),Surface Mount,"8-SMD, Flat Lead",SNT-8A
"1662-3379-2-ND,1662-3379-1-ND,1662-3379-6-ND",S-85S1PD33-I8T1U,ABLIC Inc.,ABLIC Inc.,IC REG BUCK 3.3V 200MA SNT-8A,"4,965",1.9,0,1,"Tape & Reel (TR),Cut Tape (CT),Digi-Reel®",S-85S1PD,Active,Step-Down,Positive,Buck,Fixed,1,2.2V,5.5V,3.3V,-,200mA,1MHz,Yes,-40°C ~ 85°C (TA),Surface Mount,"8-SMD, Flat Lead",SNT-8A
"1662-3378-2-ND,1662-3378-1-ND,1662-3378-6-ND",S-85S1PD30-I8T1U,ABLIC Inc.,ABLIC Inc.,IC REG BUCK 3V 200MA SNT-8A,"4,902",1.9,0,1,"Tape & Reel (TR),Cut Tape (CT),Digi-Reel®",S-85S1PD,Active,Step-Down,Positive,Buck,Fixed,1,2.2V,5.5V,3V,-,200mA,1MHz,Yes,-40°C ~ 85°C (TA),Surface Mount,"8-SMD, Flat Lead",SNT-8A
"1662-3373-2-ND,1662-3373-1-ND,1662-3373-6-ND",S-85S1PD18-I8T1U,ABLIC Inc.,ABLIC Inc.,IC REG BUCK 1.8V 200MA SNT-8A,"4,865",1.9,0,1,"Tape & Reel (TR),Cut Tape (CT),Digi-Reel®",S-85S1PD,Active,Step-Down,Positive,Buck,Fixed,1,2.2V,5.5V,1.8V,-,200mA,1MHz,Yes,-40°C ~ 85°C (TA),Surface Mount,"8-SMD, Flat Lead",SNT-8A
"1662-3376-2-ND,1662-3376-1-ND,1662-3376-6-ND",S-85S1PD25-I8T1U,ABLIC Inc.,ABLIC Inc.,IC REG BUCK 2.5V 200MA SNT-8A,"4,825",1.9,0,1,"Tape & Reel (TR),Cut Tape (CT),Digi-Reel®",S-85S1PD,Active,Step-Down,Positive,Buck,Fixed,1,2.2V,5.5V,2.5V,-,200mA,1MHz,Yes,-40°C ~ 85°C (TA),Surface Mount,"8-SMD, Flat Lead",SNT-8A
"1662-3369-2-ND,1662-3369-1-ND,1662-3369-6-ND",S-85S1PC20-I8T1U,ABLIC Inc.,ABLIC Inc.,IC REG BUCK 2V 200MA SNT-8A,"4,195",1.9,0,1,"Tape & Reel (TR),Cut Tape (CT),Digi-Reel®",S-85S1PC,Active,Step-Down,Positive,Buck,Fixed,1,2.2V,5.5V,2V,-,200mA,1MHz,Yes,-40°C ~ 85°C (TA),Surface Mount,"8-SMD, Flat Lead",SNT-8A
"1662-3371-2-ND,1662-3371-1-ND,1662-3371-6-ND",S-85S1PC33-I8T1U,ABLIC Inc.,ABLIC Inc.,IC REG BUCK 3.3V 200MA SNT-8A,"4,165",1.9,0,1,"Tape & Reel (TR),Cut Tape (CT),Digi-Reel®",S-85S1PC,Active,Step-Down,Positive,Buck,Fixed,1,2.2V,5.5V,3.3V,-,200mA,1MHz,Yes,-40°C ~ 85°C (TA),Surface Mount,"8-SMD, Flat Lead",SNT-8A
"1662-3368-2-ND,1662-3368-1-ND,1662-3368-6-ND",S-85S1PC18-I8T1U,ABLIC Inc.,ABLIC Inc.,IC REG BUCK 1.8V 200MA SNT-8A,"3,025",1.9,0,1,"Tape & Reel (TR),Cut Tape (CT),Digi-Reel®",S-85S1PC,Active,Step-Down,Positive,Buck,Fixed,1,2.2V,5.5V,1.8V,-,200mA,1MHz,Yes,-40°C ~ 85°C (TA),Surface Mount,"8-SMD, Flat Lead",SNT-8A
"576-3025-2-ND,576-3025-1-ND,576-3025-6-ND",MIC23250-G4YMT-TR,Microchip Technology,Microchip Technology,IC REG BUCK 1.2V/1.8V DL 10TMLF,"4,822",1.93,0,1,"Tape & Reel (TR),Cut Tape (CT),Digi-Reel®",HyperLight Load®,Active,Step-Down,Positive,Buck,Fixed,2,2.7V,5.5V,"1.2V, 1.8V",-,400mA,4MHz,Yes,-40°C ~ 125°C (TJ),Surface Mount,"10-UFDFN, 10-TMLF®",10-TMLF® (2x2)
"497-18908-2-ND,497-18908-1-ND,497-18908-6-ND",ST1PS01AJR,STMicroelectronics,STMicroelectronics,400MA NANO-QUIESCENT SYNCHRONOUS,"2,366",1.94,0,1,"Tape & Reel (TR),Cut Tape (CT),Digi-Reel®",-,Active,Step-Down,Positive,Buck,Fixed,1,1.8V,5.5V,"1.9V, 2V, 2.1V, 2.8V",-,400mA,2MHz,Yes,-40°C ~ 85°C (TA),Surface Mount,"8-UFBGA, FCBGA",8-FlipChip (1.11x1.41)
"497-18909-2-ND,497-18909-1-ND,497-18909-6-ND",ST1PS01DJR,STMicroelectronics,STMicroelectronics,400MA NANO-QUIESCENT SYNCHRONOUS,853,1.94,0,1,"Tape & Reel (TR),Cut Tape (CT),Digi-Reel®",-,Active,Step-Down,Positive,Buck,Fixed,1,1.8V,5.5V,"1.8V, 2.3V, 2.5V, 2.8V",-,400mA,2MHz,Yes,-40°C ~ 85°C (TA),Surface Mount,"8-UFBGA, FCBGA",8-FlipChip (1.11x1.41)
"ADP2108AUJZ-2.5-R7TR-ND,ADP2108AUJZ-2.5-R7CT-ND,ADP2108AUJZ-2.5-R7DKR-ND",ADP2108AUJZ-2.5-R7,Analog Devices Inc.,Analog Devices Inc.,IC REG BUCK 2.5V 600MA TSOT23-5,"2,586",2.13,0,1,"Tape & Reel (TR),Cut Tape (CT),Digi-Reel®",-,Active,Step-Down,Positive,Buck,Fixed,1,2.3V,5.5V,2.5V,-,600mA,3MHz,Yes,-40°C ~ 125°C (TA),Surface Mount,"SOT-23-5 Thin, TSOT-23-5",TSOT-23-5
"ADP2108AUJZ-1.3-R7TR-ND,ADP2108AUJZ-1.3-R7CT-ND,ADP2108AUJZ-1.3-R7DKR-ND",ADP2108AUJZ-1.3-R7,Analog Devices Inc.,Analog Devices Inc.,IC REG BUCK 1.3V 600MA TSOT23-5,"2,187",2.13,0,1,"Tape & Reel (TR),Cut Tape (CT),Digi-Reel®",-,Active,Step-Down,Positive,Buck,Fixed,1,2.3V,5.5V,1.3V,-,600mA,3MHz,Yes,-40°C ~ 125°C (TA),Surface Mount,"SOT-23-5 Thin, TSOT-23-5",TSOT-23-5
"ADP2108ACBZ-3.3-R7TR-ND,ADP2108ACBZ-3.3-R7CT-ND,ADP2108ACBZ-3.3-R7DKR-ND",ADP2108ACBZ-3.3-R7,Analog Devices Inc.,Analog Devices Inc.,IC REG BUCK 3.3V 600MA 5WLCSP,"1,301",2.13,0,1,"Tape & Reel (TR),Cut Tape (CT),Digi-Reel®",-,Active,Step-Down,Positive,Buck,Fixed,1,2.3V,5.5V,3.3V,-,600mA,3MHz,Yes,-40°C ~ 125°C (TA),Surface Mount,"5-WFBGA, WLCSP",5-WLCSP (1.02x1.45)
"ADP2108AUJZ-1.8-R7TR-ND,ADP2108AUJZ-1.8-R7CT-ND,ADP2108AUJZ-1.8-R7DKR-ND",ADP2108AUJZ-1.8-R7,Analog Devices Inc.,Analog Devices Inc.,IC REG BUCK 1.8V 600MA TSOT23-5,"1,082",2.13,0,1,"Tape & Reel (TR),Cut Tape (CT),Digi-Reel®",-,Active,Step-Down,Positive,Buck,Fixed,1,2.3V,5.5V,1.8V,-,600mA,3MHz,Yes,-40°C ~ 125°C (TA),Surface Mount,"SOT-23-5 Thin, TSOT-23-5",TSOT-23-5
"296-LM3370SD-3013/NOPBTR-ND,296-LM3370SD-3013/NOPBCT-ND,296-LM3370SD-3013/NOPBDKR-ND",LM3370SD-3013/NOPB,Texas Instruments,Texas Instruments,IC REG BUCK 1.2V/2.5V DL 16WSON,"1,970",2.18,0,1,"Tape & Reel (TR),Cut Tape (CT),Digi-Reel®",-,Active,Step-Down,Positive,Buck,Fixed,2,2.7V,5.5V,"1.2V, 2.5V",-,600mA,2MHz,Yes,-30°C ~ 85°C (TA),Surface Mount,16-WFDFN Exposed Pad,16-WSON (5x4)
"LM3370SD-4221/NOPBTR-ND,LM3370SD-4221/NOPBCT-ND,LM3370SD-4221/NOPBDKR-ND",LM3370SD-4221/NOPB,Texas Instruments,Texas Instruments,IC REG BUCK 1.8V/3.3V DL 16WSON,"1,088",2.18,0,1,"Tape & Reel (TR),Cut Tape (CT),Digi-Reel®",-,Active,Step-Down,Positive,Buck,Fixed,2,2.7V,5.5V,"1.8V, 3.3V",-,600mA,2MHz,Yes,-30°C ~ 85°C (TA),Surface Mount,16-WFDFN Exposed Pad,16-WSON (5x4)
"296-LM3671MF-1.2TR-ND,296-LM3671MF-1.2CT-ND,296-LM3671MF-1.2DKR-ND",LM3671MF-1.2,Texas Instruments,Texas Instruments,IC REG BUCK 1.2V 600MA SOT23-5,"1,964",2.25,0,1,"Tape & Reel (TR),Cut Tape (CT),Digi-Reel®",-,Not For New Designs,Step-Down,Positive,Buck,Fixed,1,2.7V,5.5V,1.2V,-,600mA,2MHz,Yes,-40°C ~ 85°C (TA),Surface Mount,"SC-74A, SOT-753",SOT-23-5
"RT5788BGJ8FTR-ND,RT5788BGJ8FCT-ND,RT5788BGJ8FDKR-ND",RT5788BGJ8F,Richtek USA Inc.,Richtek USA Inc.,IC REG BUCK ADJ 4A SYNC TSOT23-8,872,2.26,0,1,"Tape & Reel (TR),Cut Tape (CT),Digi-Reel®",-,Active,Step-Down,Positive,Buck,Fixed,1,2.5V,6V,0.6V,6V,4A,1.5MHz,Yes,-40°C ~ 85°C (TA),Surface Mount,"SOT-23-8 Thin, TSOT-23-8",TSOT-23-8 (FC)
"296-11616-2-ND,296-11616-1-ND,296-11616-6-ND",TPS62005DGSR,Texas Instruments,Texas Instruments,IC REG BUCK 1.8V 600MA 10VSSOP,"1,969",2.32,0,1,"Tape & Reel (TR),Cut Tape (CT),Digi-Reel®",-,Active,Step-Down,Positive,Buck,Fixed,1,2.5V,5.5V,1.8V,-,600mA,750kHz,Yes,-40°C ~ 85°C (TA),Surface Mount,"10-TFSOP, 10-MSOP (0.118"", 3.00mm Width)",10-VSSOP
"296-11615-2-ND,296-11615-1-ND,296-11615-6-ND",TPS62004DGSR,Texas Instruments,Texas Instruments,IC REG BUCK 1.5V 600MA 10VSSOP,"1,826",2.32,0,1,"Tape & Reel (TR),Cut Tape (CT),Digi-Reel®",-,Active,Step-Down,Positive,Buck,Fixed,1,2.5V,5.5V,1.5V,-,600mA,750kHz,Yes,-40°C ~ 85°C (TA),Surface Mount,"10-TFSOP, 10-MSOP (0.118"", 3.00mm Width)",10-VSSOP
"296-11617-2-ND,296-11617-1-ND,296-11617-6-ND",TPS62006DGSR,Texas Instruments,Texas Instruments,IC REG BUCK 2.5V 600MA 10VSSOP,"1,498",2.32,0,1,"Tape & Reel (TR),Cut Tape (CT),Digi-Reel®",-,Active,Step-Down,Positive,Buck,Fixed,1,2.5V,5.5V,2.5V,-,600mA,750kHz,Yes,-40°C ~ 85°C (TA),Surface Mount,"10-TFSOP, 10-MSOP (0.118"", 3.00mm Width)",10-VSSOP
"296-15222-2-ND,296-15222-1-ND,296-15222-6-ND",TPS62044DGQR,Texas Instruments,Texas Instruments,IC REG BUCK 1.8V 1.2A 10MSOP,"1,810",2.39,0,1,"Tape & Reel (TR),Cut Tape (CT),Digi-Reel®",-,Active,Step-Down,Positive,Buck,Fixed,1,2.5V,6V,1.8V,-,1.2A,1.25MHz,Yes,-40°C ~ 85°C (TA),Surface Mount,"10-PowerTFSOP, 10-MSOP (0.118"", 3.00mm Width)",10-HVSSOP
"296-15220-2-ND,296-15220-1-ND,296-15220-6-ND",TPS62042DGQR,Texas Instruments,Texas Instruments,IC REG BUCK 1.5V 1.2A 10MSOP,"1,064",2.39,0,1,"Tape & Reel (TR),Cut Tape (CT),Digi-Reel®",-,Active,Step-Down,Positive,Buck,Fixed,1,2.5V,6V,1.5V,-,1.2A,1.25MHz,Yes,-40°C ~ 85°C (TA),Surface Mount,"10-PowerTFSOP, 10-MSOP (0.118"", 3.00mm Width)",10-HVSSOP
